ATL,BOS,BRK,CHI,CHO,CLE,DAL,DEN,DET,GSW,HOU,IND,LAC,LAL,MEM,MIA,MIL,MIN,NOP,NYK,OKC,ORL,PHI,PHO,POR,SAC,SAS,TOR,UTA,WAS
,0.5,0.3333,0.25,0.5,0.75,0.5,0,0.3333,0.5,0.5,1,0.5,0.5,1,0.25,0.6667,1,0.5,0.25,1,0.75,0.3333,0.5,0.5,1,0.5,0.25,0,0.75
0.5,,0.75,0.6667,0.75,0.6667,0,1,0.75,0.5,1,0.75,0,0.5,1,0.6667,0.5,0.5,1,0.5,1,1,0.5,0.5,0.5,1,0,0.5,0.5,0.5
0.6667,0.25,,0.3333,0.3333,0.75,0.5,0,1,0,0.5,1,0.5,0.5,0,0.25,0.25,0.5,1,1,0.5,0.75,0.75,0,0.5,0.5,1,0.5,0.5,0.5
0.75,0.3333,0.6667,,0.6667,0.75,0.5,1,1,0,0.5,0.75,1,1,0,0,0,1,0.5,0.5,1,0.75,0,0,0.5,0.5,0.5,0.75,0.5,1
0.5,0.25,0.6667,0.3333,,0.5,0.5,0.5,0.6667,0.5,0.5,1,0,0.5,0.5,0,0.5,0.5,1,0.75,1,0.75,0.25,0,0.5,0.5,1,0.3333,0.5,0.75
0.25,0.3333,0.25,0.25,0.5,,0.5,1,0.5,0,0.5,1,1,0,0,0.6667,0.75,0.5,0.5,1,1,0.6667,0,0,1,1,1,0.75,0.5,0.5
0.5,1,0.5,0.5,0.5,0.5,,0.6667,1,0.75,1,0.5,0.5,0.6667,0.75,0.5,0.5,0.5,0.75,0,0.75,0.5,0.5,0,1,0.75,1,1,0.5,0
1,0,1,0,0.5,0,0.3333,,1,0.75,1,1,0.75,0.6667,0.25,1,0.5,0.25,0.75,1,0.5,0.5,0.5,0.3333,0.75,1,0.5,0.5,0,1
0.6667,0.25,0,0,0.3333,0.5,0,0,,0,0.5,0.75,0,0,0,0.25,0.25,0,0,0,0.5,0.75,0.25,0,0,0.5,0.5,1,0.5,0
0.5,0.5,1,1,0.5,1,0.25,0.25,1,,1,0.5,0.75,0.75,0.25,1,0.5,0.5,0.6667,0.5,1,0.5,0.5,0.5,1,1,0.5,0.5,0.75,0.5
0.5,0,0.5,0.5,0.5,0.5,0,0,0.5,0,,0,0,0.25,0.25,0,0,0,0.25,0,0.75,0.5,0,0,0.5,0.25,0.25,0,0.25,1
0,0.25,0,0.25,0,0,0.5,0,0.25,0.5,1,,0.5,0.5,0,0.3333,0,0,0.5,0.5,0.5,0.3333,0.3333,0,0.5,0.5,1,0.25,1,0.5
0.5,1,0.5,0,1,0,0.5,0.25,1,0.25,1,0.5,,1,0,0.5,0.5,0.75,0.25,0,0.6667,1,0.5,0.5,0.75,0.5,0.3333,0,0.3333,1
0.5,0.5,0.5,0,0.5,1,0.3333,0.3333,1,0.25,0.75,0.5,0,,0.25,0.5,0,0.25,0,0.5,0.5,1,0,0,0.5,0.5,0.5,0.5,0.6667,0.5
0,0,1,1,0.5,1,0.25,0.75,1,0.75,0.75,1,1,0.75,,0.5,0.5,0.5,0.75,1,0.6667,1,0.5,0.6667,0.25,1,1,0.5,0.6667,0.5
0.75,0.3333,0.75,1,1,0.3333,0.5,0,0.75,0,1,0.6667,0.5,0.5,0.5,,0.5,0,1,0.6667,1,0.75,0.5,0.5,1,0.5,1,0.5,1,0.75
0.3333,0.5,0.75,1,0.5,0.25,0.5,0.5,0.75,0.5,1,1,0.5,1,0.5,0.5,,0,0.5,0.75,1,1,0.6667,0.5,0.5,1,0.5,0,0.5,0.6667
0,0.5,0.5,0,0.5,0.5,0.5,0.75,1,0.5,1,1,0.25,0.75,0.5,1,1,,0.5,0.5,1,0,0.5,0,1,0.6667,1,0,0.25,0
0.5,0,0,0.5,0,0.5,0.25,0.25,1,0.3333,0.75,0.5,0.75,1,0.25,0,0.5,0.5,,0.5,0.3333,0.5,0,0.25,1,0.5,0.25,0.5,0.5,0.5
0.75,0.5,0,0.5,0.25,0,1,0,1,0.5,1,0.5,1,0.5,0,0.3333,0.25,0.5,0.5,,0,0.5,0.5,0,0.5,1,1,0.25,0,0.6667
0,0,0.5,0,0,0,0.25,0.5,0.5,0,0.25,0.5,0.3333,0.5,0.3333,0,0,0,0.6667,1,,0.5,0,0.25,1,0.25,0.25,0.5,0,0
0.25,0,0.25,0.25,0.25,0.3333,0.5,0.5,0.25,0.5,0.5,0.6667,0,0,0,0.25,0,1,0.5,0.5,0.5,,0,0,0.5,0,0,0.3333,0.5,0
0.6667,0.5,0.25,1,0.75,1,0.5,0.5,0.75,0.5,1,0.6667,0.5,1,0.5,0.5,0.3333,0.5,1,0.5,1,1,,0,0.5,1,1,0.25,0,0.3333
0.5,0.5,1,1,1,1,1,0.6667,1,0.5,1,1,0.5,1,0.3333,0.5,0.5,1,0.75,1,0.75,1,1,,0.75,0.5,1,0.5,0.75,1
0.5,0.5,0.5,0.5,0.5,0,0,0.25,1,0,0.5,0.5,0.25,0.5,0.75,0,0.5,0,0,0.5,0,0.5,0.5,0.25,,0.3333,0,1,0,1
0,0,0.5,0.5,0.5,0,0.25,0,0.5,0,0.75,0.5,0.5,0.5,0,0.5,0,0.3333,0.5,0,0.75,1,0,0.5,0.6667,,0.6667,0,0,1
0.5,1,0,0.5,0,0,0,0.5,0.5,0.5,0.75,0,0.6667,0.5,0,0,0.5,0,0.75,0,0.75,1,0,0,1,0.3333,,0,0.6667,1
0.75,0.5,0.5,0.25,0.6667,0.25,0,0.5,0,0.5,1,0.75,1,0.5,0.5,0.5,1,1,0.5,0.75,0.5,0.6667,0.75,0.5,0,1,1,,0.5,0.75
1,0.5,0.5,0.5,0.5,0.5,0.5,1,0.5,0.25,0.75,0,0.6667,0.3333,0.3333,0,0.5,0.75,0.5,1,1,0.5,1,0.25,1,1,0.3333,0.5,,0.5
0.25,0.5,0.5,0,0.25,0.5,1,0,1,0.5,0,0.5,0,0.5,0.5,0.25,0.3333,1,0.5,0.3333,1,1,0.6667,0,0,0,0,0.25,0.5,
,0.6667,0.3333,1,0.3333,0.3333,0,0.5,0.6667,1,1,0.3333,0.5,0.5,0.5,0.6667,0.3333,1,1,0,0.5,1,0.3333,0.5,0.5,0.5,0.5,1,0,1
0.3333,,0,0.3333,0.6667,0.3333,0,1,0.3333,1,1,0.6667,1,0.5,0.5,0.3333,0.6667,1,0,0.3333,0.5,1,0,0.5,0.5,0,0.5,1,0,0.6667
0.6667,1,,0.6667,0.6667,0.3333,0,1,0.6667,1,1,1,1,0.5,0,0.6667,0.3333,1,1,1,0.5,0.6667,0.3333,1,0.5,1,1,0.3333,0.5,0.3333
0,0.6667,0.3333,,1,0.3333,1,0,1,0,1,0.6667,0,0,0,0.3333,0.3333,0.5,1,0.3333,0.5,0.3333,0,0,0.5,0.5,0,1,0,0.6667
0.6667,0.3333,0.3333,0,,0.3333,0.5,0,1,0.5,1,0.6667,0,0,0,0.6667,0.6667,1,0.5,0.3333,0.5,0.6667,0,0.5,0.5,1,0.5,0.3333,0,0.6667
0.6667,0.6667,0.6667,0.6667,0.6667,,0,0,0.6667,0,1,0,0,0,0.5,0,0,0.5,0,0.3333,0.5,0,0.6667,0,0,0,0.5,0.3333,0,0
1,1,1,0,0.5,1,,0.6667,1,0.6667,0.3333,0.5,0.6667,0.6667,0.6667,1,0.5,0.6667,0.6667,0.5,0.6667,1,0,0,0.3333,0,0.6667,0.5,0.3333,1
0.5,0,0,1,1,1,0.3333,,1,0.3333,1,1,0.6667,0.3333,1,1,0.5,1,0.6667,1,1,1,1,0.6667,0.6667,0,0.6667,0.5,0.3333,0
0.3333,0.6667,0.3333,0,0,0.3333,0,0,,0,0.5,0,0,0.5,0.5,0.3333,0,0,0.5,0,1,0.3333,0.3333,0.5,0,0.5,0,1,0,0.3333
0,0,0,1,0.5,1,0.3333,0.6667,1,,1,0.5,0.3333,0.3333,0.6667,0.5,0.5,0.6667,0.6667,0.5,1,0.5,0.5,0.3333,0.3333,0.6667,0.6667,0.5,0.6667,0
0,0,0,0,0,0,0.6667,0,0.5,0,,0,0.3333,0,0.3333,0,0.5,0.3333,0.3333,0,0.3333,1,0,0,0.3333,0.6667,0.3333,0.5,0,0.5
0.6667,0.3333,0,0.3333,0.3333,1,0.5,0,1,0.5,1,,0,0,1,0.6667,0,1,0.5,0.3333,1,1,0.3333,0.5,0.5,0,0.5,0.6667,0,0
0.5,0,0,1,1,1,0.3333,0.3333,1,0.6667,0.6667,1,,1,0.6667,1,0.5,1,0.3333,0.5,0.6667,0.5,0.5,0.6667,1,0.6667,0.6667,1,0.3333,0.5
0.5,0.5,0.5,1,1,1,0.3333,0.6667,0.5,0.6667,1,1,0,,1,0,0.5,1,0.6667,0.5,1,1,0,0.3333,0.3333,0.3333,0.6667,0.5,0.3333,0
0.5,0.5,1,1,1,0.5,0.3333,0,0.5,0.3333,0.6667,0,0.3333,0,,1,0.5,1,0.3333,0,0.6667,0.5,1,0.3333,0.6667,1,0.6667,0.5,0,1
0.3333,0.6667,0.3333,0.6667,0.3333,1,0,0,0.6667,0.5,1,0.3333,0,1,0,,0.3333,0.5,1,1,1,0.6667,0.3333,0,0.5,1,1,0.6667,0.5,0.6667
0.6667,0.3333,0.6667,0.6667,0.3333,1,0.5,0.5,1,0.5,0.5,1,0.5,0.5,0.5,0.6667,,1,0.5,0.3333,0.5,1,1,0,1,1,0.5,0.3333,0,1
0,0,0,0.5,0,0.5,0.3333,0,1,0.3333,0.6667,0,0,0,0,0.5,0,,0.6667,0.5,0.3333,0.5,0,0.3333,0.3333,0.6667,0.3333,0.5,1,0
0,1,0,0,0.5,1,0.3333,0.3333,0.5,0.3333,0.6667,0.5,0.6667,0.3333,0.6667,0,0.5,0.3333,,0,0.6667,0.5,0.5,0.3333,0,0.6667,0.3333,1,0.3333,0.5
1,0.6667,0,0.6667,0.6667,0.6667,0.5,0,1,0.5,1,0.6667,0.5,0.5,1,0,0.6667,0.5,1,,0.5,0.6667,0,0,0.5,0.5,0.5,0.6667,0.5,1
0.5,0.5,0.5,0.5,0.5,0.5,0.3333,0,0,0,0.6667,0,0.3333,0,0.3333,0,0.5,0.6667,0.3333,0.5,,0.5,0,0.3333,0.3333,0,0.6667,0.5,0,0
0,0,0.3333,0.6667,0.3333,1,0,0,0.6667,0.5,0,0,0.5,0,0.5,0.3333,0,0.5,0.5,0.3333,0.5,,0,0.5,0,0.5,0,0,0,0.6667
0.6667,1,0.6667,1,1,0.3333,1,0,0.6667,0.5,1,0.6667,0.5,1,0,0.6667,0,1,0.5,1,1,1,,0,0,1,1,0.6667,0.5,1
0.5,0.5,0,1,0.5,1,1,0.3333,0.5,0.6667,1,0.5,0.3333,0.6667,0.6667,1,1,0.6667,0.6667,1,0.6667,0.5,1,,1,0.6667,0.6667,1,1,0.5
0.5,0.5,0.5,0.5,0.5,1,0.6667,0.3333,1,0.6667,0.6667,0.5,0,0.6667,0.3333,0.5,0,0.6667,1,0.5,0.6667,1,1,0,,1,0.6667,1,0.3333,0.5
0.5,1,0,0.5,0,1,1,1,0.5,0.3333,0.3333,1,0.3333,0.6667,0,0,0,0.3333,0.3333,0.5,1,0.5,0,0.3333,0,,0.3333,0.5,0,0.5
0.5,0.5,0,1,0.5,0.5,0.3333,0.3333,1,0.3333,0.6667,0.5,0.3333,0.3333,0.3333,0,0.5,0.6667,0.6667,0.5,0.3333,1,0,0.3333,0.3333,0.6667,,0.5,0,1
0,0,0.6667,0,0.6667,0.6667,0.5,0.5,0,0.5,0.5,0.3333,0,0.5,0.5,0.3333,0.6667,0.5,0,0.3333,0.5,1,0.3333,0,0,0.5,0.5,,0,0.6667
1,1,0.5,1,1,1,0.6667,0.6667,1,0.3333,1,1,0.6667,0.6667,1,0.5,1,0,0.6667,0.5,1,1,0.5,0,0.6667,1,1,1,,0
0,0.3333,0.6667,0.3333,0.3333,1,0,1,0.6667,1,0.5,1,0.5,1,0,0.3333,0,1,0.5,0,1,0.3333,0,0.5,0.5,0.5,0,0.3333,1,
,0,0.25,0,1,0,0.5,0.5,0.3333,1,0,0.3333,0.5,0,0,0.25,0,0.5,,0.3333,0,0.5,0.3333,0.5,0.5,0,1,0,0,0.3333
1,,0.5,1,1,1,1,0.5,0.5,1,0,0.5,0.5,0.5,1,0.6667,0.3333,1,0.5,1,0.5,1,0.25,0.5,1,0.5,0.5,0.75,0.5,0.3333
0.75,0.5,,1,0.75,1,0,0.5,0.6667,1,0.5,0.3333,1,0.5,0,0.3333,0.5,0,1,0.5,0,0.25,0.25,0.5,0.5,1,0.5,0.25,0,0.3333
1,0,0,,0.25,0.75,0.5,,1,0,0,0,1,0,1,0,0,0.5,0,0.3333,0,0,0,0,0,0.5,1,0,0,0.75
0,0,0.25,0.75,,0.5,0.5,0,1,1,0.5,0.25,0,0,0,0.5,0,0.5,0,1,0,0,0,0,0,1,0,0.3333,0,0.3333
1,0,0,0.25,0.5,,0,1,0.5,0,0,0.3333,0,0,0.5,0.25,0,0.5,0,0.25,0,0,0.25,,1,,1,0,0,0.6667
0.5,0,1,0.5,0.5,1,,0.6667,1,1,0.3333,0.5,0,0.25,0.6667,0,1,1,1,0,0.5,1,1,0.25,0.5,0.75,0.75,0.5,0.3333,0.5
0.5,0.5,0.5,,1,0,0.3333,,0.5,0.5,0.5,0.5,0.3333,0.25,0.6667,0.5,1,1,0.3333,1,0.6667,1,0.5,1,0.75,0.6667,1,0.5,1,0.5
0.6667,0.5,0.3333,0,0,0.5,0,0.5,,1,1,0.75,0,0,0,0,0,0,0.5,0.3333,0,0.5,0,1,0,0.5,0.5,0,0,0.25
0,0,0,1,0,1,0,0.5,0,,0.3333,0,0,0,0.3333,0,0,0.3333,0.5,0,0,0.5,0.5,0.5,0.3333,0,0,0,0,0.5
1,1,0.5,1,0.5,1,0.6667,0.5,0,0.6667,,0.5,0.5,0.6667,0.6667,0.5,0.5,1,0.75,0.5,0.3333,0.5,0.5,0.6667,0.25,0.6667,0.3333,1,0.6667,1
0.6667,0.5,0.6667,1,0.75,0.6667,0.5,0.5,0.25,1,0.5,,0,1,1,0.25,0.25,1,0,0.6667,1,1,0.75,0.5,0.5,1,1,0.25,0.5,1
0.5,0.5,0,0,1,1,1,0.6667,1,1,0.5,1,,0.5,0.6667,1,0,0.6667,0.75,1,0.75,1,0.5,0.5,1,0.3333,0.75,1,0.3333,1
1,0.5,0.5,1,1,1,0.75,0.75,1,1,0.3333,0,0.5,,0.75,1,0.5,1,1,1,0.75,0.5,0.5,1,0.6667,0.6667,1,0,1,1
1,0,1,0,1,0.5,0.3333,0.3333,1,0.6667,0.3333,0,0.3333,0.25,,0.5,0.5,1,0,1,0.6667,0,0,0.75,0.5,0.25,0.5,0,0.25,1
0.75,0.3333,0.6667,1,0.5,0.75,1,0.5,1,1,0.5,0.75,0,0,0.5,,0.6667,0,0.5,0.5,0.5,0.75,0.75,0.5,0.5,0.5,0.5,0.6667,0.5,0.75
1,0.6667,0.5,1,1,1,0,0,1,1,0.5,0.75,1,0.5,0.5,0.3333,,1,1,1,1,1,0.6667,0.5,1,1,0.5,0.6667,0.5,1
0.5,0,1,0.5,0.5,0.5,0,0,1,0.6667,0,0,0.3333,0,0,1,0,,0.3333,,0,0,0,0,0.5,0.3333,1,0,0.3333,0.5
,0.5,0,1,1,1,0,0.6667,0.5,0.5,0.25,1,0.25,0,1,0.5,0,0.6667,,1,0,0,0,0.5,1,0.3333,0,0,0.25,1
0.6667,0,0.5,0.6667,0,0.75,1,0,0.6667,1,0.5,0.3333,0,0,0,0.5,0,,0,,0,0.5,0,0,0.5,0.5,0,0,0,0.25
1,0.5,1,1,1,1,0.5,0.3333,1,1,0.6667,0,0.25,0.25,0.3333,0.5,0,1,1,1,,1,0.5,0.6667,0.5,0.6667,0.5,0.5,0.6667,0.5
0.5,0,0.75,1,1,1,0,0,0.5,0.5,0.5,0,0,0.5,1,0.25,0,1,1,0.5,0,,0.6667,0.5,0,1,0.5,0,0,1
0.6667,0.75,0.75,1,1,0.75,0,0.5,1,0.5,0.5,0.25,0.5,0.5,1,0.25,0.3333,1,1,1,0.5,0.3333,,0,0.5,1,1,0.25,0.5,0.6667
0.5,0.5,0.5,1,1,,0.75,0,0,0.5,0.3333,0.5,0.5,0,0.25,0.5,0.5,1,0.5,1,0.3333,0.5,1,,0.5,0.5,0.3333,0,0.5,0.5
0.5,0,0.5,1,1,0,0.5,0.25,1,0.6667,0.75,0.5,0,0.3333,0.5,0.5,0,0.5,0,0.5,0.5,1,0.5,0.5,,0.5,0.6667,0.5,0.3333,1
1,0.5,0,0.5,0,,0.25,0.3333,0.5,1,0.3333,0,0.6667,0.3333,0.75,0.5,0,0.6667,0.6667,0.5,0.3333,0,0,0.5,0.5,,0.3333,0,0.3333,1
0,0.5,0.5,0,1,0,0.25,0,0.5,1,0.6667,0,0.25,0,0.5,0.5,0.5,0,1,1,0.5,0.5,0,0.6667,0.3333,0.6667,,0.5,0.75,0.5
1,0.25,0.75,1,0.6667,1,0.5,0.5,1,1,0,0.75,0,1,1,0.3333,0.3333,1,1,1,0.5,1,0.75,1,0.5,1,0.5,,1,1
1,0.5,1,1,1,1,0.6667,0,1,1,0.3333,0.5,0.6667,0,0.75,0.5,0.5,0.6667,0.75,1,0.3333,1,0.5,0.5,0.6667,0.6667,0.25,0,,1
0.6667,0.6667,0.6667,0.25,0.6667,0.3333,0.5,0.5,0.75,0.5,0,0,0,0,0,0.25,0,0.5,0,0.75,0.5,0,0.3333,0.5,0,0,0.5,0,0,
,0,0,0.5,0.25,0.6667,0.5,0.5,0.3333,0,0,0,0.5,0.5,0.5,0.75,0.25,1,1,0.25,0.5,0,0.75,1,0,0,0,0,0.5,0.5
1,,0.5,0.6667,0.5,1,0.5,0,0.75,0.5,0,0.75,0,0.5,1,0.75,0.3333,1,1,0.75,1,0,0.75,0.5,0,1,0,0.5,0,1
1,0.5,,0.75,0.5,0.75,0.5,1,0.6667,0,0.5,0.3333,0,1,0.5,0.5,0.25,0,0.5,0.75,0,0.6667,0.5,1,0,1,0.5,0.25,0,0.5
0.5,0.3333,0.25,,0.3333,0.75,0,0,0,0,0,0,0,0,1,0.3333,0,0,0,0.3333,0.5,0.5,0.25,1,0,0,0.5,0,0,0.75
0.75,0.5,0.5,0.6667,,0.75,0,0.5,1,0,0,0.3333,0,0,1,0.5,0.25,0.5,0.5,0.6667,0,0.5,0,1,0,0.5,1,0.6667,0,0.75
0.3333,0,0.25,0.25,0.25,,0,0,0.25,0,0.5,0.25,0,0.5,0.5,0,0.25,0,0,1,0,0.3333,0.3333,0.5,0,0,0,0.25,0,0.5
0.5,0.5,0.5,1,1,1,,0,0.5,0.5,0.5,0.5,0.5,0,0.25,0,0,0.6667,0.25,0.5,0.75,0.5,0.5,0.5,0.5,0,0,0,0.25,0.5
0.5,1,0,1,0.5,1,1,,0.5,0.25,0.25,0.5,0.75,0.6667,0.6667,1,0,1,0.5,1,1,1,0.5,0.75,0.75,1,0.5,1,0.25,0.5
0.6667,0.25,0.3333,1,0,0.75,0.5,0.5,,0.5,0.5,0.25,0.5,0.5,1,0.5,0,1,0.5,1,0,0.75,0.25,1,0.5,0,0,1,0,0.6667
1,0.5,1,1,1,1,0.5,0.75,0.5,,0.25,1,0.75,0.75,0.75,0.5,0.5,0.75,1,1,0.6667,0.5,0.5,0.75,0.5,1,0.3333,0,0.6667,1
1,1,0.5,1,1,0.5,0.5,0.75,0.5,0.75,,1,0.3333,0.75,0.75,0.5,0,0.3333,0.5,1,0.25,0.5,0.5,1,0.3333,1,0.75,1,0.5,0.5
1,0.25,0.6667,1,0.6667,0.75,0.5,0.5,0.75,0,0,,0.5,0.5,0.5,1,0.25,0.5,1,1,0.5,0.25,0.25,1,0,0.5,0.5,0.3333,1,0.75
0.5,1,1,1,1,1,0.5,0.25,0.5,0.25,0.6667,0.5,,0.5,0.75,0.5,0.5,0.6667,0.3333,1,0.5,1,0,1,0.25,1,0.5,0,0.3333,0.5
0.5,0.5,0,1,1,0.5,1,0.3333,0.5,0.25,0.25,0.5,0.5,,0.3333,1,0,0.25,0.75,0,0.3333,0,0,0.75,0.5,0.75,0.25,0,0.5,0.5
0.5,0,0.5,0,0,0.5,0.75,0.3333,0,0.25,0.25,0.5,0.25,0.6667,,0,0.5,0.5,0.5,0.5,0.3333,0.5,0.5,0.6667,0.5,0.25,0.5,0,0.75,0.5
0.25,0.25,0.5,0.6667,0.5,1,1,0,0.5,0.5,0.5,0,0.5,0,1,,0.25,0,1,1,0.5,0.25,0.3333,0.5,1,0,1,0,0.5,0.75
0.75,0.6667,0.75,1,0.75,0.75,1,1,1,0.5,1,0.75,0.5,1,0.5,0.75,,1,1,0.75,0,0.6667,0.6667,0,0.5,1,0.5,0.75,0.5,0.6667
0,0,1,1,0.5,1,0.3333,0,0,0.25,0.6667,0.5,0.3333,0.75,0.5,1,0,,0.5,1,0.75,0.5,0,0.6667,0.25,0.5,0.25,0,0.25,0.5
0,0,0.5,1,0.5,1,0.75,0.5,0.5,0,0.5,0,0.6667,0.25,0.5,0,0,0.5,,0.5,0.5,0,0,0.5,0,0.75,0.25,0.5,0.3333,0.5
0.75,0.25,0.25,0.6667,0.3333,0,0.5,0,0,0,0,0,0,1,0.5,0,0.25,0,0.5,,0,0.25,0,0,0,0,0.5,0,0,0.25
0.5,0,1,0.5,1,1,0.25,0,1,0.3333,0.75,0.5,0.5,0.6667,0.6667,0.5,1,0.25,0.5,1,,1,0.5,1,1,0.25,0.3333,0.5,1,0.5
1,1,0.3333,0.5,0.5,0.6667,0.5,0,0.25,0.5,0.5,0.75,0,1,0.5,0.75,0.3333,0.5,1,0.75,0,,0.5,0.5,0,0,0.5,0.5,0.5,0.25
0.25,0.25,0.5,0.75,1,0.6667,0.5,0.5,0.75,0.5,0.5,0.75,1,1,0.5,0.6667,0.3333,1,1,1,0.5,0.5,,1,0,0.5,0.5,0.25,1,0.6667
0,0.5,0,0,0,0.5,0.5,0.25,0,0.25,0,0,0,0.25,0.3333,0.5,1,0.3333,0.5,1,0,0.5,0,,0,0.25,0.25,0,0,0
1,1,1,1,1,1,0.5,0.25,0.5,0.5,0.6667,1,0.75,0.5,0.5,0,0.5,0.75,1,1,0,1,1,1,,0.6667,0.5,0.5,0.5,0.5
1,0,0,1,0.5,1,1,0,1,0,0,0.5,0,0.25,0.75,1,0,0.5,0.25,1,0.75,1,0.5,0.75,0.3333,,1,0,0.25,0.5
1,1,0.5,0.5,0,1,1,0.5,1,0.6667,0.25,0.5,0.5,0.75,0.5,0,0.5,0.75,0.75,0.5,0.6667,0.5,0.5,0.75,0.5,0,,0.5,0.3333,1
1,0.5,0.75,1,0.3333,0.75,1,0,0,1,0,0.6667,1,1,1,1,0.25,1,0.5,1,0.5,0.5,0.75,1,0.5,1,0.5,,1,1
0.5,1,1,1,1,1,0.75,0.75,1,0.3333,0.5,0,0.6667,0.5,0.25,0.5,0.5,0.75,0.6667,1,0,0.5,0,1,0.5,0.75,0.6667,0,,1
0.5,0,0.5,0.25,0.25,0.5,0.5,0.5,0.3333,0,0.5,0.25,0.5,0.5,0.5,0.25,0.3333,0.5,0.5,0.75,0.5,0.75,0.3333,1,0.5,0.5,0,0,0,
,0.25,0.25,0,0,0.25,1,0.5,0.25,0,0,0.25,0,0,0.5,0.25,0,0.5,0.5,0.6667,0,0.5,0,0.5,0.5,0.5,0.5,0,1,0.5
0.75,,1,0.75,1,0.3333,1,1,0.6667,0.5,0.5,0.5,0.5,0.5,1,0.3333,0.5,1,0,0.75,1,0.75,0.75,1,1,1,0.5,0.5,0.5,0.25
0.75,0,,1,0.3333,0.25,1,0,0.25,0,0,0,0,0,1,0.75,0.3333,0.5,0,0,0.5,0.75,0.25,0.5,0.5,0,0,0,0.5,0.6667
1,0.25,0,,0.75,0,1,0,0.25,0,0,0.25,0,0,1,0.25,0.5,0.5,0,0.75,0,1,0.3333,0,0,0,0,0,0.5,0.3333
1,0,0.6667,0.25,,0,0.5,0.5,0.6667,0.5,0,0.5,0.5,0.5,1,0,0.5,0.5,0,0.5,0.5,1,0,1,0,1,0,0,0.5,0.75
0.75,0.6667,0.75,1,1,,1,0.5,0.75,0,0,0.25,0.5,0.5,1,0.6667,0.75,0.5,0.5,0.5,0.5,0.5,0.5,1,0.5,0.5,0,0.6667,0.5,0.75
0,0,0,0,0.5,0,,0.5,0.5,0,0,1,0.3333,0.25,0.75,0,0.5,0,0.25,0.5,0.5,0.5,0,0,0.3333,0.5,0.25,0.5,0,1
0.5,0,1,1,0.5,0.5,0.5,,1,0.5,0,0.5,0.3333,0.5,0.75,0.5,1,0.25,0.6667,0.5,0.75,1,0,0.6667,0.75,0.75,0.5,0.5,0.5,0.5
0.75,0.3333,0.75,0.75,0.3333,0.25,0.5,0,,0.5,0.5,0.75,0.5,0.5,0.5,0.5,0.5,1,0,1,0.5,0.3333,0,1,0.5,1,0.5,0,0,0.25
1,0.5,1,1,0.5,1,1,0.5,0.5,,0.3333,0,0.75,1,0.6667,1,0.5,0.6667,0.75,1,0.5,1,1,1,0.3333,0.5,0.75,1,0.25,1
1,0.5,1,1,1,1,1,1,0.5,0.6667,,1,0.5,0.75,0.5,1,1,1,0.75,1,0.3333,1,0.5,1,1,0.6667,0.75,0,1,0.5
0.75,0.5,1,0.75,0.5,0.75,0,0.5,0.25,1,0,,1,0.5,1,0.5,0.75,0.5,0,0.6667,0,1,0.6667,1,0,1,1,0.25,0.5,0.3333
1,0.5,1,1,0.5,0.5,0.6667,0.6667,0.5,0.25,0.5,0,,0.75,0.5,0,1,0,0.25,0.5,0,1,0,1,0.25,1,0.3333,1,0.25,0.5
1,0.5,1,1,0.5,0.5,0.75,0.5,0.5,0,0.25,0.5,0.25,,0.5,0.5,0,0,0,0.5,0.5,0.5,0.5,0.75,0,0.5,1,0,0,0.5
0.5,0,0,0,0,0,0.25,0.25,0.5,0.3333,0.5,0,0.5,0.5,,0,0,0.6667,0.5,0.5,0,0,0.5,0.25,0.5,0.6667,0,0,0,0
0.75,0.6667,0.25,0.75,1,0.3333,1,0.5,0.5,0,0,0.5,1,0.5,1,,1,0.5,0,0.5,0,0.5,0.5,1,0,0,0,0.6667,1,0.5
1,0.5,0.6667,0.5,0.5,0.25,0.5,0,0.5,0.5,0,0.25,0,1,1,0,,0.5,0,1,0.5,0.75,0.5,1,1,1,1,0.3333,0.5,0.5
0.5,0,0.5,0.5,0.5,0.5,1,0.75,0,0.3333,0,0.5,1,1,0.3333,0.5,0.5,,1,1,0.75,0.5,0,0.5,0.5,1,0.3333,0.5,0.5,0.5
0.5,1,1,1,1,0.5,0.75,0.3333,1,0.25,0.25,1,0.75,1,0.5,1,1,0,,0.5,0.6667,0.5,0.5,1,0.5,0.5,0.75,0,0.25,0
0.3333,0.25,1,0.25,0.5,0.5,0.5,0.5,0,0,0,0.3333,0.5,0.5,0.5,0.5,0,0,0.5,,0.5,0.25,0,1,0,0.5,0,0.25,1,0.3333
1,0,0.5,1,0.5,0.5,0.5,0.25,0.5,0.5,0.6667,1,1,0.5,1,1,0.5,0.25,0.3333,0.5,,0.5,1,0.6667,0,0.75,0.5,1,0.75,0.5
0.5,0.25,0.25,0,0,0.5,0.5,0,0.6667,0,0,0,0,0.5,1,0.5,0.25,0.5,0.5,0.75,0.5,,0,1,0,0,0.5,0,0,0.25
1,0.25,0.75,0.6667,1,0.5,1,1,1,0,0.5,0.3333,1,0.5,0.5,0.5,0.5,1,0.5,1,0,1,,0.5,0.5,0,1,0.25,1,0.5
0.5,0,0.5,1,0,0,1,0.3333,0,0,0,0,0,0.25,0.75,0,0,0.5,0,0,0.3333,0,0.5,,0,0.75,0,0,0.25,0.5
0.5,0,0.5,1,1,0.5,0.6667,0.25,0.5,0.6667,0,1,0.75,1,0.5,1,0,0.5,0.5,1,1,1,0.5,1,,0.75,0.3333,0,0.5,0.5
0.5,0,1,1,0,0.5,0.5,0.25,0,0.5,0.3333,0,0,0.5,0.3333,1,0,0,0.5,0.5,0.25,1,1,0.25,0.25,,0,0,0,0
0.5,0.5,1,1,1,1,0.75,0.5,0.5,0.25,0.25,0,0.6667,0,1,1,0,0.6667,0.25,1,0.5,0.5,0,1,0.6667,1,,0.5,0.25,0.5
1,0.5,1,1,1,0.3333,0.5,0.5,1,0,1,0.75,0,1,1,0.3333,0.6667,0.5,1,0.75,0,1,0.75,1,1,1,0.5,,0.5,0.5
0,0.5,0.5,0.5,0.5,0.5,1,0.5,1,0.75,0,0.5,0.75,1,1,0,0.5,0.5,0.75,0,0.25,1,0,0.75,0.5,1,0.75,0.5,,1
0.5,0.75,0.3333,0.6667,0.25,0.25,0,0.5,0.75,0,0.5,0.6667,0.5,0.5,1,0.5,0.5,0.5,1,0.6667,0.5,0.75,0.5,0.5,0.5,1,0.5,0.5,0,
,0.25,0.5,1,0.3333,0.5,0.5,0.5,0.6667,0,0,0.5,0.5,0.5,1,0,1,0.5,0.5,0,0.5,1,0.5,0.5,0.5,1,0,0.6667,1,0.75
0.75,,0.25,0.5,0.5,0.5,0.5,0.5,0.3333,0.5,0.5,1,0.5,0.5,0,0.25,0.25,0.5,0,0.25,0.5,1,0.5,1,0.5,0.5,0,0.75,1,1
0.5,0.75,,1,0.25,1,0.5,0.5,1,0,0,1,0.5,0,0,0,0.5,0.5,1,0.5,0.5,1,0.75,1,1,1,0,0.75,0,0.75
0,0.5,0,,0.3333,0.3333,0.5,0,0.25,0,0,0.25,0,0,0,0,0.5,1,0,0.3333,0,0.75,0.25,0,0,0,0,0.5,0,0.75
0.6667,0.5,0.75,0.6667,,0.75,0.5,0,0.75,1,0,0.25,0,0.5,0,0.5,0.5,1,0.5,1,0,1,1,0.5,0,0.5,0,0.3333,1,0.5
0.5,0.5,0,0.6667,0.25,,0,0,0,0,0,0,0.5,0.5,0,0,0.5,0,0.5,0,0.5,0.75,0.25,0,0.5,0,0,0.5,0.5,1
0.5,0.5,0.5,0.5,0.5,1,,0.3333,1,0.3333,0.75,0,0.3333,0.25,0.25,0,0.5,0.5,0.75,0.5,0,1,0.5,0.75,0.75,1,0,0.5,0.3333,1
0.5,0.5,0.5,1,1,1,0.6667,,1,0.75,1,1,0.6667,0.75,0.75,0,1,0.5,0.6667,0.5,0.75,0.5,0.5,0.6667,0.75,1,0.5,0.5,0.75,0
0.3333,0.6667,0,0.75,0.25,1,0,0,,0,0,0,0,0,0,0.3333,0.75,0,0,0,0,0.5,0.6667,0.5,0.5,0.5,0.5,0.5,0,1
1,0.5,1,1,0,1,0.6667,0.25,1,,0.25,0.5,0.75,0.25,0,0.5,0,1,1,0.5,0.25,0,0.5,1,1,0.25,0.5,1,0.3333,1
1,0.5,1,1,1,1,0.25,0,1,0.75,,0,0.3333,0.5,0.25,0,0.5,0.6667,0.75,1,0.3333,1,0.5,0.5,0.5,0.6667,0.25,0.5,0.75,0.5
0.5,0,0,0.75,0.75,1,1,0,1,0.5,1,,0.5,0.5,1,0.6667,0.5,0.5,1,0.5,0,0.6667,0.5,1,0.5,1,0,0.5,0.5,0.75
0.5,0.5,0.5,1,1,0.5,0.6667,0.3333,1,0.25,0.6667,0.5,,1,0.75,0.5,1,1,0.75,1,0,0.5,1,0.75,0.75,0.75,0.5,0.5,1,0.5
0.5,0.5,1,1,0.5,0.5,0.75,0.25,1,0.75,0.5,0.5,0,,0.3333,0,0.5,1,1,0.5,0.25,0.5,0.5,0.5,0.75,0.75,0.3333,0.5,0.3333,0.5
0,1,1,1,1,1,0.75,0.25,1,1,0.75,0,0.25,0.6667,,0.5,1,1,0.5,0.5,0.6667,1,0.5,0.5,0.75,1,0.5,1,0.75,0.5
1,0.75,1,1,0.5,1,1,1,0.6667,0.5,1,0.3333,0.5,1,0.5,,0.75,1,1,0.25,1,1,1,1,0.5,1,1,1,0.5,0.75
0,0.75,0.5,0.5,0.5,0.5,0.5,0,0.25,1,0.5,0.5,0,0.5,0,0.25,,0,0.5,0,0.5,0.6667,0.75,1,1,1,0,1,0.5,0.3333
0.5,0.5,0.5,0,0,1,0.5,0.5,1,0,0.3333,0.5,0,0,0,0,1,,0.75,0,0.5,0.5,1,0.75,0,0.6667,0.5,0,0,0.5
0.5,1,0,1,0.5,0.5,0.25,0.3333,1,0,0.25,0,0.25,0,0.5,0,0.5,0.25,,0,0,0.5,0.5,0.6667,0.6667,0.6667,0.25,0,0.25,0
1,0.75,0.5,0.6667,0,1,0.5,0.5,1,0.5,0,0.5,0,0.5,0.5,0.75,1,1,1,,0.5,1,0.75,1,0,0.5,1,0.5,1,0.75
0.5,0.5,0.5,1,1,0.5,1,0.25,1,0.75,0.6667,1,1,0.75,0.3333,0,0.5,0.5,1,0.5,,1,1,1,1,1,0.5,1,0.75,0.5
0,0,0,0.25,0,0.25,0,0.5,0.5,1,0,0.3333,0.5,0.5,0,0,0.3333,0.5,0.5,0,0,,0.6667,1,0.5,0,0,0,0,0.5
0.5,0.5,0.25,0.75,0,0.75,0.5,0.5,0.3333,0.5,0.5,0.5,0,0.5,0.5,0,0.25,0,0.5,0.25,0,0.3333,,0.5,0.5,1,0,0.75,0.5,0.6667
0.5,0,0,1,0.5,1,0.25,0.3333,0.5,0,0.5,0,0.25,0.5,0.5,0,0,0.25,0.3333,0,0,0,0.5,,0.6667,0.5,0.3333,0,0.25,0
0.5,0.5,0,1,1,0.5,0.25,0.25,0.5,0,0.5,0.5,0.25,0.25,0.25,0.5,0,1,0.3333,1,0,0.5,0.5,0.3333,,0.5,0.6667,0.5,0.25,0
0,0.5,0,1,0.5,1,0,0,0.5,0.75,0.3333,0,0.25,0.25,0,0,0,0.3333,0.3333,0.5,0,1,0,0.5,0.5,,0,1,0.5,1
1,1,1,1,1,1,1,0.5,0.5,0.5,0.75,1,0.5,0.6667,0.5,0,1,0.5,0.75,0,0.5,1,1,0.6667,0.3333,1,,1,0.6667,1
0.3333,0.25,0.25,0.5,0.6667,0.5,0.5,0.5,0.5,0,0.5,0.5,0.5,0.5,0,0,0,1,1,0.5,0,1,0.25,1,0.5,0,0,,0,0.5
0,0,1,1,0,0.5,0.6667,0.25,1,0.6667,0.25,0.5,0,0.6667,0.25,0.5,0.5,1,0.75,0,0.25,1,0.5,0.75,0.75,0.5,0.3333,1,,1
0.25,0,0.25,0.25,0.5,0,0,1,0,0,0.5,0.25,0.5,0.5,0.5,0.25,0.6667,0.5,1,0.25,0.5,0.5,0.3333,1,1,0,0,0.5,0,
,0.75,0.6667,1,0.75,0,1,1,0.75,0,1,0.5,0.5,1,1,0.25,0.3333,0,1,0.5,0.5,0.5,1,0.5,1,0.5,0,0.25,0.5,0.5
0.25,,0.5,0.6667,0.6667,0.3333,0,1,0.5,0.5,0.5,0.25,0.5,0.5,0.5,1,0.75,0.5,1,0.75,0.5,0.5,1,1,0.5,1,0,0.25,0.5,1
0.3333,0.5,,0.3333,0,0.25,0,1,0.25,0,1,0.25,0,0,0,0.25,0,0,0,0.5,0.5,0,0.5,1,0,0.5,0,0,0.5,0
0,0.3333,0.6667,,0.25,0.75,0,0.5,0.25,0,1,0.75,0.5,1,0.5,0,0.75,0,1,0.25,1,0.3333,1,0.5,0.5,1,0.5,1,0.5,0.3333
0.25,0.3333,1,0.75,,0.25,0.5,0,0.6667,0,0.5,1,0,1,1,0.5,0.75,1,0.5,0.75,0,0.75,1,0.5,0.5,1,0.5,0.3333,0.5,0.5
1,0.6667,0.75,0.25,0.75,,1,1,0.25,0,0.5,0.75,1,1,0.5,0.3333,0.75,1,0.5,1,1,1,1,1,0.5,1,0.5,0.3333,0.5,0.5
0,1,1,1,0.5,0,,0.75,0.5,0.25,0.5,0,0.25,1,0.75,0,0.5,1,0.5,1,0,0.5,1,1,0.6667,0.25,0,0,0.6667,0.5
0,0,0,0.5,1,0,0.25,,1,0.25,1,0.5,0.3333,0.75,0.25,0,0.5,0.75,0.3333,1,0,0,1,0.5,0.25,0,0.25,1,0,1
0.25,0.5,0.75,0.75,0.3333,0.75,0.5,0,,0.5,1,0.25,0,0.5,0,0.5,0.75,1,0,0.3333,0.5,1,1,1,1,0.5,0,0.3333,1,0.25
1,0.5,1,1,1,1,0.75,0.75,0.5,,1,1,1,0.75,1,1,0.5,0.6667,1,1,1,1,1,1,0.75,1,0.75,1,1,1
0,0.5,0,0,0.5,0.5,0.5,0,0,0,,0.5,0.5,1,0.5,0.5,0.5,1,0.75,0.5,0.5,0.5,1,0.6667,0.5,0.75,0.25,1,0.5,0.5
0.5,0.75,0.75,0.25,0,0.25,1,0.5,0.75,0,0.5,,0.5,1,0,0.5,0.75,1,1,1,0.5,0.75,1,1,0,0,0.5,0.25,0,0.6667
0.5,0.5,1,0.5,1,0,0.75,0.6667,1,0,0.5,0.5,,1,0.6667,1,1,0.75,0.75,1,0.25,1,1,0.5,0.75,0.75,0.3333,0,0.6667,1
0,0.5,1,0,0,0,0,0.25,0.5,0.25,0,0,0,,0.25,0.5,0.5,0.3333,0.6667,0,0,0.5,0.5,0.25,0,0,0,0,0.25,0.5
0,0.5,1,0.5,0,0.5,0.25,0.75,1,0,0.5,1,0.3333,0.75,,0.5,0.5,0.5,1,1,0.3333,0.5,1,0.5,0.5,1,0,0,0.3333,0.5
0.75,0,0.75,1,0.5,0.6667,1,1,0.5,0,0.5,0.5,0,0.5,0.5,,0.3333,0.5,1,0.75,0.5,0.75,1,1,0.5,1,0,0.25,0.5,0.5
0.6667,0.25,1,0.25,0.25,0.25,0.5,0.5,0.25,0.5,0.5,0.25,0,0.5,0.5,0.6667,,1,0.5,0.5,0,0.5,1,1,0.5,0,0,0,0,0.25
1,0.5,1,1,0,0,0,0.25,0,0.3333,0,0,0.25,0.6667,0.5,0.5,0,,0.5,0,0.25,0,0.5,0.5,0.25,1,0,0.5,0.25,0.5
0,0,1,0,0.5,0.5,0.5,0.6667,1,0,0.25,0,0.25,0.3333,0,0,0.5,0.5,,0.5,0.3333,0,0.5,0.5,0.25,1,0.25,0,0.5,0.5
0.5,0.25,0.5,0.75,0.25,0,0,0,0.6667,0,0.5,0,0,1,0,0.25,0.5,1,0.5,,0.5,0.3333,1,1,0.5,0,0,0.25,0.5,0.3333
0.5,0.5,0.5,0,1,0,1,1,0.5,0,0.5,0.5,0.75,1,0.6667,0.5,1,0.75,0.6667,0.5,,1,1,1,0.5,0.5,0.5,0.5,1,1
0.5,0.5,1,0.6667,0.25,0,0.5,1,0,0,0.5,0.25,0,0.5,0.5,0.25,0.5,1,1,0.6667,0,,0.75,0,0.5,0.5,0,0.3333,1,0
0,0,0.5,0,0,0,0,0,0,0,0,0,0,0.5,0,0,0,0.5,0.5,0,0,0.25,,1,0.5,0.5,0,0,0,0
0.5,0,0,0.5,0.5,0,0,0.5,0,0,0.3333,0,0.5,0.75,0.5,0,0,0.5,0.5,0,0,1,0,,0.6667,0.25,0,0.5,0,0
0,0.5,1,0.5,0.5,0.5,0.3333,0.75,0,0.25,0.5,1,0.25,1,0.5,0.5,0.5,0.75,0.75,0.5,0.5,0.5,0.5,0.3333,,1,0,0,0.75,1
0.5,0,0.5,0,0,0,0.75,1,0.5,0,0.25,1,0.25,1,0,0,1,0,0,1,0.5,0.5,0.5,0.75,0,,0,1,0.6667,0.5
1,1,1,0.5,0.5,0.5,1,0.75,1,0.25,0.75,0.5,0.6667,1,1,1,1,1,0.75,1,0.5,1,1,1,1,1,,0.5,1,0.5
0.75,0.75,1,0,0.6667,0.6667,1,0,0.6667,0,0,0.75,1,1,1,0.75,1,0.5,1,0.75,0.5,0.6667,1,0.5,1,0,0.5,,0.5,1
0.5,0.5,0.5,0.5,0.5,0.5,0.3333,1,0,0,0.5,1,0.3333,0.75,0.6667,0.5,1,0.75,0.5,0.5,0,0,1,1,0.25,0.3333,0,0.5,,0.5
0.5,0,1,0.6667,0.5,0.5,0.5,0,0.75,0,0.5,0.3333,0,0.5,0.5,0.5,0.75,0.5,0.5,0.6667,0,1,1,1,0,0.5,0.5,0,0.5,
,0.6667,1,0.6667,0.5,0.75,1,0.5,0.75,0.5,1,1,1,0.5,0.5,1,0.75,1,0.5,0.6667,0.5,0.75,0.75,1,1,1,0,0.25,1,0.75
0.3333,,0.75,0.25,0.5,0.5,0,1,0.6667,0,0,0.75,0,0.5,0.5,0.25,0.3333,0.5,1,0.75,0,0.5,1,0.5,0.5,0.5,0,0.5,1,0.3333
0,0.25,,0.25,0.6667,0.25,0.5,1,0.6667,0.5,0,0.6667,0.5,1,0,0,0.25,0.5,0,1,1,1,0.75,0,0.5,1,0.5,0.5,0,0.5
0.3333,0.75,0.75,,0.5,0.25,0.5,0.5,0.5,0.5,0.5,0.5,0.5,0.5,0.5,0.6667,0.75,1,1,1,0.5,0.5,1,0.5,0.5,0.5,0.5,1,0.5,0.5
0.5,0.5,0.3333,0.5,,0,0,1,0.5,0,0,0.25,0,0.5,0,0.5,0.6667,1,0.5,0.75,0,0.5,0.6667,0.5,0,0,0,0.5,0.5,0.5
0.25,0.5,0.75,0.75,1,,0.5,0.5,0.75,0.5,0,0.5,1,1,1,0.5,0.75,1,0.5,0.6667,0.5,1,0.6667,0.5,0.5,0.5,0.5,0.75,0.5,0.75
0,1,0.5,0.5,1,0.5,,0.6667,0.5,0,0.25,0,0.3333,1,0.25,0.5,1,1,0.75,1,0.75,1,1,0.25,0.5,1,0.5,1,0.75,1
0.5,0,0,0.5,0,0.5,0.3333,,0.5,0.3333,0,1,0.25,0.75,0.3333,0.5,0.5,0.75,0.75,0.5,0.25,1,0,0.3333,0,0.5,0,0,0.5,0
0.25,0.3333,0.3333,0.5,0.5,0.25,0.5,0.5,,0,0.5,0.5,0,0,0.5,0.6667,0.25,0,0,0.75,0.5,0.75,0.25,0.5,0,1,0.5,0.5,0,0.3333
0.5,1,0.5,0.5,1,0.5,1,0.6667,1,,1,0.5,0.75,0.75,0.6667,1,1,1,0.75,1,0.75,1,1,0.75,1,1,0.3333,1,0.75,1
0,1,1,0.5,1,1,0.75,1,0.5,0,,1,0.5,0.6667,0.5,1,1,1,0.5,1,1,0.5,1,0.75,0.3333,1,0.25,0.5,0.75,0.5
0,0.25,0.3333,0.5,0.75,0.5,1,0,0.5,0.5,0,,0,0.5,0,0.75,0.5,0.5,1,1,0.5,1,0.75,0,0,0,0,0,1,0.5
0,1,0.5,0.5,1,0,0.6667,0.75,1,0.25,0.5,1,,1,0.5,0.5,0.5,1,0.6667,1,0.6667,1,1,1,0.75,0.75,0.5,0,1,0.5
0.5,0.5,0,0.5,0.5,0,0,0.25,1,0.25,0.3333,0.5,0,,0,0,0.5,0.75,0,0,0,0.5,1,0,0,0.25,0.3333,0.5,0.3333,0
0.5,0.5,1,0.5,1,0,0.75,0.6667,0.5,0.3333,0.5,1,0.5,1,,1,0.5,0.6667,0.5,1,0.75,1,1,1,1,0.75,0.5,0.5,0.5,0
0,0.75,1,0.3333,0.5,0.5,0.5,0.5,0.3333,0,0,0.25,0.5,1,0,,0,0.5,0,1,0,0.75,0.75,1,0.5,1,0,0.3333,0.5,0.25
0.25,0.6667,0.75,0.25,0.3333,0.25,0,0.5,0.75,0,0,0.5,0.5,0.5,0.5,1,,1,0,1,0.5,0.5,1,0.5,0.5,1,0,0.3333,0,0.3333
0,0.5,0.5,0,0,0,0,0.25,1,0,0,0.5,0,0.25,0.3333,0.5,0,,0,1,0,0,0,0.25,0.5,0,0,0,0.25,0.5
0.5,0,1,0,0.5,0.5,0.25,0.25,1,0.25,0.5,0,0.3333,1,0.5,1,1,1,,0.5,0.75,0.5,0.5,0.6667,0,0.75,0.75,1,0.6667,0
0.3333,0.25,0,0,0.25,0.3333,0,0.5,0.25,0,0,0,0,1,0,0,0,0,0.5,,0.5,0.5,0.75,0,0,0,0.5,0.25,0,0
0.5,1,0,0.5,1,0.5,0.25,0.75,0.5,0.25,0,0.5,0.3333,1,0.25,1,0.5,1,0.25,0.5,,1,1,0.75,0.25,0.75,0.3333,0.5,0.5,1
0.25,0.5,0,0.5,0.5,0,0,0,0.25,0,0.5,0,0,0.5,0,0.25,0.5,1,0.5,0.5,0,,0.6667,0.5,0.5,1,0,0,0.5,0
0.25,0,0.25,0,0.3333,0.3333,0,1,0.75,0,0,0.25,0,0,0,0.25,0,1,0.5,0.25,0,0.3333,,0,0,0.5,0,0,0,0.25
0,0.5,1,0.5,0.5,0.5,0.75,0.6667,0.5,0.25,0.25,1,0,1,0,0,0.5,0.75,0.3333,1,0.25,0.5,1,,0.25,0.25,0.25,0.5,0.6667,1
0,0.5,0.5,0.5,1,0.5,0.5,1,1,0,0.6667,1,0.25,1,0,0.5,0.5,0.5,1,1,0.75,0.5,1,0.75,,0.6667,0.75,1,0.5,0.5
0,0.5,0,0.5,1,0.5,0,0.5,0,0,0,1,0.25,0.75,0.25,0,0,1,0.25,1,0.25,0,0.5,0.75,0.3333,,0.25,0,0.25,0.5
1,1,0.5,0.5,1,0.5,0.5,1,0.5,0.6667,0.75,1,0.5,0.6667,0.5,1,1,1,0.25,0.5,0.6667,1,1,0.75,0.25,0.75,,0.5,0.3333,0.5
0.75,0.5,0.5,0,0.5,0.25,0,1,0.5,0,0.5,1,1,0.5,0.5,0.6667,0.6667,1,0,0.75,0.5,1,1,0.5,0,1,0.5,,1,1
0,0,1,0.5,0.5,0.5,0.25,0.5,1,0.25,0.25,0,0,0.6667,0.5,0.5,1,0.75,0.3333,1,0.5,0.5,1,0.3333,0.5,0.75,0.6667,0,,0
0.25,0.6667,0.5,0.5,0.5,0.25,0,1,0.6667,0,0.5,0.5,0.5,1,1,0.75,0.6667,0.5,1,1,0,1,0.75,0,0.5,0.5,0.5,0,1,
,0.5,0.3333,0,0.75,1,0.5,0.5,0.5,0,0.5,0.5,0.5,0.5,0,0.5,1,0.5,0,0.5,0,0.5,1,0,0,1,0,0.5,1,0.25
0.5,,0.25,0,0.6667,1,0,0.5,0.25,0,0,0,0,0,0,0.6667,0.5,0.5,0,0.5,0,0.75,0.25,0,0,0.5,0,0.25,0.5,0.25
0.6667,0.75,,0.3333,0.5,0.5,1,0.5,0.25,0.5,0.5,0,0.5,0.5,1,1,1,0.5,0.5,0.25,0.5,0.5,0.75,1,0,0.5,0.5,0.5,1,0
0.25,0.3333,0.5,0.25,,1,0.5,1,1,1,0,0.3333,0.5,0.5,0.5,0,1,0.5,0.5,0.5,0,0.5,0.75,0,0.5,1,0,1,0,0.75
1,1,0.6667,,0.75,0.75,0.5,0.5,0.75,0.5,0.5,0.5,0,1,0.5,0.5,0.75,0.5,0,0.5,0,0.6667,0.75,1,0,0.5,0.5,0.5,0.5,0.3333
0,0,0.5,0.25,0,,0,1,0.75,0.5,0,0.25,0.5,0.5,0.5,0,0.5,0.5,0,0.5,0.5,1,0.75,0.5,0,0.5,0,0.3333,1,0.5
0.5,1,0,0.5,0.5,1,,0.25,1,0.25,0.5,1,0.25,1,0.75,0,1,0.25,1,0.5,0.6667,1,1,0.6667,0.6667,0.75,0,0,1,1
0.5,0.5,0.5,0.5,0,0,0.75,,0.5,0.5,0.3333,0.5,0.5,1,0.25,0.5,1,0.5,0.5,0.5,0.25,1,0.5,0,0,0.3333,0,0.5,0.5,1
0.5,0.75,0.75,0.25,0,0.25,0,0.5,,0,0,0.25,0,0,0,0.25,0.75,0,0,0.6667,0,0.3333,0.75,0.5,0,1,0.5,0,0.5,0.5
1,1,0.5,0.5,0,0.5,0.75,0.5,1,,0.3333,0.5,0.5,0.75,0.5,0.5,1,0.6667,1,0.5,0.3333,1,1,0.5,0.5,1,0,0.5,1,0.5
0.5,1,0.5,0.5,1,1,0.5,0.6667,1,0.6667,,0.5,0,0.75,0.5,0.5,1,0.75,0.75,1,0.25,1,0.5,0.6667,0.75,0.5,1,0.5,0.6667,1
0.5,1,1,0.5,0.6667,0.75,0,0.5,0.75,0.5,0.5,,1,1,0.5,0.5,1,0.5,1,0.6667,0.5,0.75,1,0,0.5,1,0.5,0.5,1,0.6667
0.5,1,0.5,1,0.5,0.5,0.75,0.5,1,0.5,1,0,,0.75,0.3333,0,1,1,0.75,1,0.5,0.5,1,0.75,0.3333,1,0.3333,1,1,1
0.5,1,0.5,0,0.5,0.5,0,0,1,0.25,0.25,0,0.25,,0.25,0,0,0.25,0.3333,0.5,0.25,0.5,0.5,0.25,0.3333,0.75,0.25,0.5,0.5,0
1,1,0,0.5,0.5,0.5,0.25,0.75,1,0.5,0.5,0.5,0.6667,0.75,,0.5,1,0.5,0.25,1,0.25,1,1,1,0.6667,1,0,0,1,1
0.5,0.3333,0,0.5,1,1,1,0.5,0.75,0.5,0.5,0.5,1,1,0.5,,1,0.5,0.5,0.75,0.5,1,0.3333,1,1,0.5,0.5,1,0.5,0.5
0,0.5,0,0.25,0,0.5,0,0,0.25,0,0,0,0,1,0,0,,0,0,0.25,0,0.5,0.6667,0,0,0,0,0,0.5,0.25
0.5,0.5,0.5,0.5,0.5,0.5,0.75,0.5,1,0.3333,0.25,0.5,0,0.75,0.5,0.5,1,,0.6667,0.5,0.25,0.5,1,0.3333,0.25,0.5,0.3333,0,0.75,0.5
1,1,0.5,1,0.5,1,0,0.5,1,0,0.25,0,0.25,0.6667,0.75,0.5,1,0.3333,,0.5,0.3333,0.5,1,0,0.25,0.25,0,0,0.5,0
0.5,0.5,0.75,0.5,0.5,0.5,0.5,0.5,0.3333,0.5,0,0.3333,0,0.5,0,0.25,0.75,0.5,0.5,,0,0.6667,0.75,0.5,0,0.5,0.5,0.5,1,0
1,1,0.5,1,1,0.5,0.3333,0.75,1,0.6667,0.75,0.5,0.5,0.75,0.75,0.5,1,0.75,0.6667,1,,0.5,1,0.3333,0.5,1,1,0.5,0.75,0.5
0.5,0.25,0.5,0.3333,0.5,0,0,0,0.6667,0,0,0.25,0.5,0.5,0,0,0.5,0.5,0.5,0.3333,0.5,,0.75,0,0.5,0,0,0,0,0
0,0.75,0.25,0.25,0.25,0.25,0,0.5,0.25,0,0.5,0,0,0.5,0,0.6667,0.3333,0,0,0.25,0,0.25,,0,0.5,0.5,0,0,0,0.25
1,1,0,0,1,0.5,0.3333,1,0.5,0.5,0.3333,1,0.25,0.75,0,0,1,0.6667,1,0.5,0.6667,1,1,,0.75,0.5,0.25,1,0.5,0.5
1,1,1,1,0.5,1,0.3333,1,1,0.5,0.25,0.5,0.6667,0.6667,0.3333,0,1,0.75,0.75,1,0.5,0.5,0.5,0.25,,0.75,0.5,1,1,0.5
0,0.5,0.5,0.5,0,0.5,0.25,0.6667,0,0,0.5,0,0,0.25,0,0.5,1,0.5,0.75,0.5,0,1,0.5,0.5,0.25,,0,0.5,0.3333,0.5
1,1,0.5,0.5,1,1,1,1,0.5,1,0,0.5,0.6667,0.75,1,0.5,1,0.6667,1,0.5,0,1,1,0.75,0.5,1,,1,1,1
0.5,0.75,0.5,0.5,0,0.6667,1,0.5,1,0.5,0.5,0.5,0,0.5,1,0,1,1,1,0.5,0.5,1,1,0,0,0.5,0,,1,0.75
0,0.5,0,0.5,1,0,0,0.5,0.5,0,0.3333,0,0,0.5,0,0.5,0.5,0.25,0.5,0,0.25,1,1,0.5,0,0.6667,0,0,,0.5
0.75,0.75,1,0.6667,0.25,0.5,0,0,0.5,0.5,0,0.3333,0,1,0,0.5,0.75,0.5,1,1,0.5,1,0.75,0.5,0.5,0.5,0,0.25,0.5,
,0.25,0.5,0.3333,1,0.5,0.5,0.5,0.6667,0,0,0.5,0.5,0.5,1,0,1,0.5,0.5,0,0.5,1,0.5,0.5,0.5,1,0,0.6667,1,0.75
0.75,,0.25,0.5,0.5,0.5,0.5,0.5,0.3333,0.5,0.5,1,0.5,0.5,0,0.25,0.25,0.5,0,0.25,0.5,1,0.5,1,0.5,0.5,0,0.75,1,1
0.5,0.75,,0.25,1,1,0.5,0.5,1,0,0,1,0.5,0,0,0,0.5,0.5,1,0.5,0.5,1,0.75,1,1,1,0,0.75,0,0.75
0,0.5,0,0.3333,,0.3333,0.5,0,0.25,0,0,0.25,0,0,0,0,0.5,1,0,0.3333,0,0.75,0.25,0,0,0,0,0.5,0,0.75
0.6667,0.5,0.75,,0.6667,0.75,0.5,0,0.75,1,0,0.25,0,0.5,0,0.5,0.5,1,0.5,1,0,1,1,0.5,0,0.5,0,0.3333,1,0.5
0.5,0.5,0,0.25,0.6667,,0,0,0,0,0,0,0.5,0.5,0,0,0.5,0,0.5,0,0.5,0.75,0.25,0,0.5,0,0,0.5,0.5,1
0.5,0.5,0.5,0.5,0.5,1,,0.3333,1,0.3333,0.75,0,0.3333,0.25,0.25,0,0.5,0.5,0.75,0.5,0,1,0.5,0.75,0.75,1,0,0.5,0.3333,1
0.5,0.5,0.5,1,1,1,0.6667,,1,0.75,1,1,0.6667,0.75,0.75,0,1,0.5,0.6667,0.5,0.75,0.5,0.5,0.6667,0.75,1,0.5,0.5,0.75,0
0.3333,0.6667,0,0.25,0.75,1,0,0,,0,0,0,0,0,0,0.3333,0.75,0,0,0,0,0.5,0.6667,0.5,0.5,0.5,0.5,0.5,0,1
1,0.5,1,0,1,1,0.6667,0.25,1,,0.25,0.5,0.75,0.25,0,0.5,0,1,1,0.5,0.25,0,0.5,1,1,0.25,0.5,1,0.3333,1
1,0.5,1,1,1,1,0.25,0,1,0.75,,0,0.3333,0.5,0.25,0,0.5,0.6667,0.75,1,0.3333,1,0.5,0.5,0.5,0.6667,0.25,0.5,0.75,0.5
0.5,0,0,0.75,0.75,1,1,0,1,0.5,1,,0.5,0.5,1,0.6667,0.5,0.5,1,0.5,0,0.6667,0.5,1,0.5,1,0,0.5,0.5,0.75
0.5,0.5,0.5,1,1,0.5,0.6667,0.3333,1,0.25,0.6667,0.5,,1,0.75,0.5,1,1,0.75,1,0,0.5,1,0.75,0.75,0.75,0.5,0.5,1,0.5
0.5,0.5,1,0.5,1,0.5,0.75,0.25,1,0.75,0.5,0.5,0,,0.3333,0,0.5,1,1,0.5,0.25,0.5,0.5,0.5,0.75,0.75,0.3333,0.5,0.3333,0.5
0,1,1,1,1,1,0.75,0.25,1,1,0.75,0,0.25,0.6667,,0.5,1,1,0.5,0.5,0.6667,1,0.5,0.5,0.75,1,0.5,1,0.75,0.5
1,0.75,1,0.5,1,1,1,1,0.6667,0.5,1,0.3333,0.5,1,0.5,,0.75,1,1,0.25,1,1,1,1,0.5,1,1,1,0.5,0.75
0,0.75,0.5,0.5,0.5,0.5,0.5,0,0.25,1,0.5,0.5,0,0.5,0,0.25,,0,0.5,0,0.5,0.6667,0.75,1,1,1,0,1,0.5,0.3333
0.5,0.5,0.5,0,0,1,0.5,0.5,1,0,0.3333,0.5,0,0,0,0,1,,0.75,0,0.5,0.5,1,0.75,0,0.6667,0.5,0,0,0.5
0.5,1,0,0.5,1,0.5,0.25,0.3333,1,0,0.25,0,0.25,0,0.5,0,0.5,0.25,,0,0,0.5,0.5,0.6667,0.6667,0.6667,0.25,0,0.25,0
1,0.75,0.5,0,0.6667,1,0.5,0.5,1,0.5,0,0.5,0,0.5,0.5,0.75,1,1,1,,0.5,1,0.75,1,0,0.5,1,0.5,1,0.75
0.5,0.5,0.5,1,1,0.5,1,0.25,1,0.75,0.6667,1,1,0.75,0.3333,0,0.5,0.5,1,0.5,,1,1,1,1,1,0.5,1,0.75,0.5
0,0,0,0,0.25,0.25,0,0.5,0.5,1,0,0.3333,0.5,0.5,0,0,0.3333,0.5,0.5,0,0,,0.6667,1,0.5,0,0,0,0,0.5
0.5,0.5,0.25,0,0.75,0.75,0.5,0.5,0.3333,0.5,0.5,0.5,0,0.5,0.5,0,0.25,0,0.5,0.25,0,0.3333,,0.5,0.5,1,0,0.75,0.5,0.6667
0.5,0,0,0.5,1,1,0.25,0.3333,0.5,0,0.5,0,0.25,0.5,0.5,0,0,0.25,0.3333,0,0,0,0.5,,0.6667,0.5,0.3333,0,0.25,0
0.5,0.5,0,1,1,0.5,0.25,0.25,0.5,0,0.5,0.5,0.25,0.25,0.25,0.5,0,1,0.3333,1,0,0.5,0.5,0.3333,,0.5,0.6667,0.5,0.25,0
0,0.5,0,0.5,1,1,0,0,0.5,0.75,0.3333,0,0.25,0.25,0,0,0,0.3333,0.3333,0.5,0,1,0,0.5,0.5,,0,1,0.5,1
1,1,1,1,1,1,1,0.5,0.5,0.5,0.75,1,0.5,0.6667,0.5,0,1,0.5,0.75,0,0.5,1,1,0.6667,0.3333,1,,1,0.6667,1
0.3333,0.25,0.25,0.6667,0.5,0.5,0.5,0.5,0.5,0,0.5,0.5,0.5,0.5,0,0,0,1,1,0.5,0,1,0.25,1,0.5,0,0,,0,0.5
0,0,1,0,1,0.5,0.6667,0.25,1,0.6667,0.25,0.5,0,0.6667,0.25,0.5,0.5,1,0.75,0,0.25,1,0.5,0.75,0.75,0.5,0.3333,1,,1
0.25,0,0.25,0.5,0.25,0,0,1,0,0,0.5,0.25,0.5,0.5,0.5,0.25,0.6667,0.5,1,0.25,0.5,0.5,0.3333,1,1,0,0,0.5,0,
,0.3333,1,0.25,1,1,1,0,0.75,0,0,0.6667,0.5,0,0,0.25,0.6667,1,1,0.3333,1,1,0,0.5,0.5,1,0,0.75,1,1
0.6667,,1,0.25,1,0.6667,0,0,0.3333,1,1,0.5,1,0,1,0.75,1,1,0,0.5,0,1,0.3333,0,1,0,0,0.5,1,1
0,0,0,0,,0,0,0,0,1,0,0,0,0,0,0,0.3333,0,0.5,0.25,0,0.25,0,0,0,0,0,0.6667,0,0
0.75,0.75,0.6667,,1,1,1,0,1,0,0,0.6667,1,1,0.5,0.5,1,1,1,0.75,0,0.6667,0.6667,1,0,1,1,1,1,0.6667
0,0.3333,0.5,0,1,,1,1,0.5,0,1,0.25,1,0,0,0,0,1,0,0.5,1,0,0,0.5,0,1,0,0.25,0,0.3333
0,1,0,0,1,0,,0.75,1,0.6667,1,0,0.3333,0,0.3333,0,1,0.3333,0.6667,0.5,0.25,1,1,0.75,0.6667,0.6667,0.5,1,0.75,1
1,1,1,1,1,0,0.25,,1,0.3333,0.75,1,0.25,0.25,0,1,1,0.75,0.5,1,0.3333,1,1,1,0.3333,1,0.3333,0.5,0.3333,1
0.25,0.6667,0.6667,0,1,0.5,0,0,,0,0,0.3333,0,1,0,0,0.25,0,1,0,0,0.6667,0.25,0,1,1,0,0.6667,0,0.6667
1,0,0,1,0,1,0.3333,0.6667,1,,0.3333,0,0.5,0,0,1,0,0.6667,0.3333,1,0,0,0,0.6667,0.25,0.75,0,0,0.25,1
1,0,1,1,1,0,0,0.25,1,0.6667,,0,0,0.6667,0.5,0,0,0.25,0.6667,1,0.5,0,1,0.5,1,1,0.5,0.5,0.3333,1
0.3333,0.5,0.75,0.3333,1,0.75,1,0,0.6667,1,1,,1,1,0,0.25,1,1,1,0.3333,1,0.25,0.5,0,1,0,0,1,1,1
0.5,0,0.5,0,1,0,0.6667,0.75,1,0.5,1,0,,0.3333,0.6667,1,1,0.25,0.6667,0,0.75,1,1,0.25,0.75,1,0.3333,1,0.6667,1
1,1,1,0,1,1,1,0.75,0,1,0.3333,0,0.6667,,0.6667,0.5,0,1,1,0.5,0.3333,0,0,0.5,0.6667,0.3333,0.3333,1,0.5,0
1,0,1,0.5,1,1,0.6667,1,1,1,0.5,1,0.3333,0.3333,,1,1,1,0.75,1,0.25,1,1,0.3333,0.3333,0.6667,0,0.5,0.3333,1
0.75,0.25,1,0.5,1,1,1,0,1,0,1,0.75,0,0.5,0,,0.3333,1,1,1,0.5,0.5,1,1,1,1,1,1,0,0.3333
0.3333,0,1,0,0.6667,1,0,0,0.75,1,1,0,0,1,0,0.6667,,1,0,0.5,0,0,0.3333,0,1,0,1,1,0,0.75
0,0,1,0,1,0,0.6667,0.25,1,0.3333,0.75,0,0.75,0,0,0,0,,0.3333,0,0,0,1,0.3333,0.6667,0.5,0.6667,0,0.3333,1
0,0,,0.3333,1,0.5,1,0,0.3333,1,0,0.25,0.5,0,0,0,0,0,0,0.3333,0,0,0.5,1,0,1,0,0.5,0,0.6667
0,1,1,0,0.5,1,0.3333,0.5,0,0.6667,0.3333,0,0.3333,0,0.25,0,1,0.6667,,1,0,1,0,0.25,0,0.25,0,0,0.6667,0
0.6667,0.5,0.6667,0.25,0.75,0.5,0.5,0,1,0,0,0.6667,1,0.5,0,0,0.5,1,0,,0,0.6667,0.6667,0,1,1,0,0.5,1,1
0,1,1,1,1,0,0.75,0.6667,1,1,0.5,0,0.25,0.6667,0.75,0.5,1,1,1,1,,1,1,1,0.75,0.75,0.3333,1,0.6667,0
0,0,1,0.3333,0.75,1,0,0,0.3333,1,1,0.75,0,1,0,0.5,1,1,0,0.3333,0,,0.75,1,1,1,0,1,0,0.75
1,0.6667,0.5,0.3333,1,1,0,0,0.75,1,0,0.5,0,1,0,0,0.6667,0,1,0.3333,0,0.25,,1,0,1,0,0.6667,0.5,0.75
0.5,1,0,0,1,0.5,0.25,0,1,0.3333,0.5,1,0.75,0.5,0.6667,0,1,0.6667,0.75,1,0,0,0,,0.6667,1,0,0,0.6667,1
0.5,0,1,1,1,1,0.3333,0.6667,0,0.75,0,0,0.25,0.3333,0.6667,0,0,0.3333,1,0,0.25,0,1,0.3333,,0.5,0.3333,1,0,0.5
0,1,0,0,1,0,0.3333,0,0,0.25,0,1,0,0.6667,0.3333,0,1,0.5,0.75,0,0.25,0,0,0,0.5,,0.3333,1,0.5,1
1,1,1,0,1,1,0.5,0.6667,1,1,0.5,1,0.6667,0.6667,1,0,0,0.3333,1,1,0.6667,1,1,1,0.6667,0.6667,,1,0.75,1
0.25,0.5,0.5,0,0.3333,0.75,0,0.5,0.3333,1,0.5,0,0,0,0.5,0,0,1,1,0.5,0,0,0.3333,1,0,0,0,,1,0.5
0,0,1,0,1,1,0.25,0.6667,1,0.75,0.6667,0,0.3333,0.5,0.6667,1,1,0.6667,0.3333,0,0.3333,1,0.5,0.3333,1,0.5,0.25,0,,1
0,0,0.3333,0.3333,1,0.6667,0,0,0.3333,0,0,0,0,1,0,0.6667,0.25,0,1,0,1,0.25,0.25,0,0.5,0,0,0.5,0,
,0.3333,0.5,0.3333,0.5,1,0,0,0.75,1,0,0.75,1,0,1,0.25,0.5,1,0,0.5,0,0.75,0.5,0,1,1,0,1,0.5,0.75
0.6667,,0.75,0.5,0.5,0.6667,0,0.5,0.75,1,0,0.75,0.5,0.5,0.5,0.75,1,1,0.5,1,0.5,0.6667,0.75,0.5,1,1,1,0.75,1,0.5
0.5,0.5,0.75,0.5,,0.6667,0,0.5,0.5,0.5,0.5,0,0,0.5,0.5,0,0.3333,1,0,0.3333,0,0,0.3333,1,0.5,1,0,1,0,0.5
0.6667,0.5,0.75,,0.5,1,1,0.5,1,0.5,1,0.75,0.5,0.5,1,1,1,1,1,0.3333,0.5,0.75,0.3333,1,0.5,1,0.5,0.75,1,1
0,0.3333,0.25,0,0.3333,,0,0,0.5,0,0,0,0.5,0.5,0.5,0.25,0.25,0,0,0.75,0,0,0.5,0,0,0.5,0,0.3333,0,0.5
1,1,1,0,1,1,,0.25,0.5,0.75,1,0.5,1,0.3333,0.25,1,0,1,0.5,1,0.6667,0.5,1,1,0.5,1,0.25,0.5,1,1
1,0.5,0.5,0.5,0.5,1,0.75,,1,0.6667,0.5,0.5,0.5,0.6667,0.6667,0.5,1,1,0.3333,0.5,0.25,0.5,0,0.75,0.5,0.75,0.25,1,0.5,1
0.25,0.25,0.5,0,0.5,0.5,0.5,0,,0.5,0,0.5,0.5,0,0,0,0.75,0,0.5,0.3333,0,0.3333,0.6667,0.5,0,1,0,0.75,0.5,0.6667
0,0,0.5,0.5,0.5,1,0.25,0.3333,0.5,,0.25,0.5,0.5,0.25,0.3333,0,0.5,0.75,0.6667,0.5,0.3333,0.5,0.5,0,0.75,0.5,0,1,0.75,1
1,1,1,0,0.5,1,0,0.5,1,0.75,,1,0.75,0.3333,0.75,0,0.5,0.75,0.25,1,0.25,0,0,0.3333,0.3333,0.75,0.25,0.5,0.6667,0.5
0.25,0.25,1,0.25,1,1,0.5,0.5,0.5,0.5,0,,0.5,0.5,0,0.3333,0.5,0.5,0.5,0.5,0,0,0.5,0,0.5,0.5,0,0.6667,0,0.75
0,0.5,0,0.5,1,0.5,0,0.5,0.5,0.5,0.25,0.5,,0.25,0.5,0.5,0.5,0.75,0.3333,0.5,0.5,0,0,0.25,0,0.75,0.3333,0.5,0,1
1,0.5,1,0.5,0.5,0.5,0.6667,0.3333,1,0.75,0.6667,0.5,0.75,,0.5,0,0.5,1,1,1,0.6667,0.5,1,0.75,0.75,0.75,0.5,1,0.5,1
0,0.5,0,0,0.5,0.5,0.75,0.3333,1,0.6667,0.25,1,0.5,0.5,,0.5,1,1,0.5,0,0.75,0.5,1,0.6667,0.3333,0.75,0.5,1,0.5,0.5
0.75,0.25,1,0,1,0.75,0,0.5,1,1,1,0.6667,0.5,1,0.5,,0.75,1,0.5,0.5,0.5,0.5,1,1,0.5,1,0.5,1,0.5,1
0.5,0,1,0,0.6667,0.75,1,0,0.25,0.5,0.5,0.5,0.5,0.5,0,0.25,,0.5,0,0.75,0.5,0.25,0.5,0,0,0.5,0,1,0,0.6667
0,0,0.5,0,0,1,0,0,1,0.25,0.25,0.5,0.25,0,0,0,0.5,,0.6667,0.5,0,0,0,0,0,0.3333,0,0.5,0.25,0.5
0.5,0.25,,0.25,0.25,0.75,0,0.5,0.5,0.5,0,0,1,0,1,0,0,0.5,0.5,0,0,0,0,0,0.5,0.5,0,0.5,0.5,0.3333
1,0.5,0.5,0,1,1,0.5,0.6667,0.5,0.3333,0.75,0.5,0.6667,0,0.5,0.5,1,0.3333,,0,0.25,1,0.5,0.75,0.75,0.75,0.5,0.5,0.5,1
0.5,0,1,0.6667,0.6667,0.25,0,0.5,0.6667,0.5,0,0.5,0.5,0,1,0.5,0.25,0.5,1,,0.5,0.25,0.5,0.5,0.5,0.5,0.5,1,0.5,1
1,0.5,1,0.5,1,1,0.3333,0.75,1,0.6667,0.75,1,0.5,0.3333,0.25,0.5,0.5,1,0.75,0.5,,0.5,1,0.75,0.75,1,0,0,0.75,1
0.25,0.3333,1,0.25,1,1,0.5,0.5,0.6667,0.5,1,1,1,0.5,0.5,0.5,0.75,1,0,0.75,0.5,,0.75,1,0,0.5,0.5,0.3333,0,1
0.5,0.25,1,0.6667,0.6667,0.5,0,1,0.3333,0.5,1,0.5,1,0,0,0,0.5,1,0.5,0.5,0,0.25,,1,0.5,0.5,0.5,0.5,0.5,0.5
1,0.5,1,0,0,1,0,0.25,0.5,1,0.6667,1,0.75,0.25,0.3333,0,1,1,0.25,0.5,0.25,0,0,,0.25,0.25,0.25,1,1,1
0,0,0.5,0.5,0.5,1,0.5,0.5,1,0.25,0.6667,0.5,1,0.25,0.6667,0.5,1,1,0.25,0.5,0.25,1,0.5,0.75,,0.6667,0.75,1,0.75,0.5
0,0,0.5,0,0,0.5,0,0.25,0,0.5,0.25,0.5,0.25,0.25,0.25,0,0.5,0.6667,0.25,0.5,0,0.5,0.5,0.75,0.3333,,0,0.5,0.25,0.5
1,0,1,0.5,1,1,0.75,0.75,1,1,0.75,1,0.6667,0.5,0.5,0.5,1,1,0.5,0.5,1,0.5,0.5,0.75,0.25,1,,1,1,1
0,0.25,0.5,0.25,0,0.6667,0.5,0,0.25,0,0.5,0.3333,0.5,0,0,0,0,0.5,0.5,0,1,0.6667,0.5,0,0,0.5,0,,0,0.5
0.5,0,0.5,0,1,1,0,0.5,0.5,0.25,0.3333,1,1,0.5,0.5,0.5,1,0.75,0.5,0.5,0.25,1,0.5,0,0.25,0.75,0,1,,0
0.25,0.5,0.6667,0,0.5,0.5,0,0,0.3333,0,0.5,0.25,0,0,0.5,0,0.3333,0.5,0,0,0,0,0.5,0,0.5,0.5,0,0.5,1,
,1,1,0.75,0.5,0.25,0.5,0.5,0.5,0.5,1,1,1,0.5,1,0.25,0.6667,1,0.5,0.25,0,0.25,0.6667,0.5,1,1,0.5,0.75,1,1
0,,0.75,0.5,1,0.5,0.5,0.5,0.6667,0.5,0.5,0.6667,0.5,0.5,0.5,1,0.5,1,0.5,0.75,0.5,0.25,0.75,0,1,1,0.5,1,0.5,0.75
0.5,0,0.5,0.25,,0.75,0,0.5,0.6667,1,0.5,0.3333,0.5,0.5,1,0.75,0.5,1,0.5,0.5,0.5,0.25,0.75,1,0,1,0.5,0.3333,0,1
0.25,0.5,0.3333,,0.75,0.5,0,0,1,0.5,1,0.75,0,0,0,0.25,0.25,1,1,0.75,0.5,0.3333,0.75,0.5,0.5,0.5,1,0.3333,0,0.6667
0.75,0.5,1,0.5,0.25,,0.5,0,1,1,0.5,0.75,1,1,0.5,1,0.75,1,1,1,1,0.5,1,1,1,1,0.5,0.75,0.5,0.6667
0.5,0.5,1,1,1,0.5,,0.6667,1,0.75,0.5,1,1,0.5,0.75,1,1,0.75,0.5,0.5,0.5,0.5,0.5,0.6667,0.25,1,0.75,0.5,0.3333,0.5
0.5,0.5,1,1,0.5,1,0.3333,,0.5,1,0.6667,1,0.6667,0.75,0.75,0.5,0,0.75,0.75,0.5,0.75,0.5,0.5,0.25,0.75,0.3333,0.5,1,0.75,0.5
0.5,0.3333,0.6667,0,0.3333,0,0,0.5,,0.5,0.5,0,0,0,0.5,0.3333,0.5,1,0.5,0.25,0,0.25,0.75,0,0,0.5,0.5,0,0,1
0.5,0.5,1,0.5,0,0,0.25,0,0.5,,0,0.5,0.5,0,0.5,0,0,1,0.25,1,0.25,0,0,0.25,0.5,0.5,0,1,0,0
0,0.5,1,0,0.5,0.5,0.5,0.3333,0.5,1,,0,0.6667,0.25,1,0,1,1,0.25,1,0.75,0,0.5,0,0.5,0.5,0.5,0.5,0.5,1
0,0.3333,1,0.25,0.6667,0.25,0,0,1,0.5,1,,0.5,0,0,0,0,0.5,0,0.5,0.5,0.25,0.6667,0.5,0,0.5,0,0.5,0.5,0.75
0,0.5,0.5,1,0.5,0,0,0.3333,1,0.5,0.3333,0.5,,0.5,0.5,0.5,0.5,0.75,0,0,0.3333,0,1,0,0.25,0.25,0,0,0.25,1
0.5,0.5,1,1,0.5,0,0.5,0.25,1,1,0.75,1,0.5,,0.6667,0.5,1,1,0.6667,1,0.75,0.5,1,0.75,0.3333,1,0.5,0.5,0.75,1
0,0.5,1,1,0,0.5,0.25,0.25,0.5,0.5,0,1,0.5,0.3333,,0.5,0,0.75,0.5,1,0.3333,0.5,0.5,0.5,0.5,0.6667,0.5,1,0.3333,1
0.75,0,1,0.75,0.25,0,0,0.5,0.6667,1,1,1,0.5,0.5,0.5,,0.25,0.5,0.5,1,0,0.5,1,0.5,0.5,1,0,0.5,0.5,0.75
0.3333,0.5,1,0.75,0.5,0.25,0,1,0.5,1,0,1,0.5,0,1,0.75,,1,0.5,1,0.5,0,0.5,0.5,0.5,0.5,0,0.6667,0.5,0.5
0,0,1,0,0,0,0.25,0.25,0,0,0,0.5,0.25,0,0.25,0.5,0,,0,0.5,0,0,0.5,0,0,0.5,0,0,0.5,0.5
0,0.25,,0.6667,0.5,0,0,0,0.3333,0,0,0,0.5,0,0,0,0,0,0.5,0.5,0,0,0,0,0,0.5,0.5,0,0,0
0.5,0.5,0.5,0,0.5,0,0.5,0.25,0.5,0.75,0.75,1,1,0.3333,0.5,0.5,0.5,1,,0,0.3333,0.5,0,0.25,0.3333,0.6667,0,0,0.25,0.5
0.75,0.25,0.5,0.25,0.5,0,0.5,0.5,0.75,0,0,0.5,1,0,0,0,0,0.5,1,,0,0,0.75,0.5,0.5,0,0,0,0,0.75
1,0.5,1,0.5,0.5,0,0.5,0.25,1,0.75,0.25,0.5,0.6667,0.25,0.6667,1,0.5,1,0.6667,1,,0.5,1,0.6667,0.25,0.75,0.25,1,0.75,1
0.75,0.75,1,0.6667,0.75,0.5,0.5,0.5,0.75,1,1,0.75,1,0.5,0.5,0.5,1,1,0.5,1,0.5,,1,0.5,0.5,1,0.5,0.75,0.5,0.5
0.3333,0.25,1,0.25,0.25,0,0.5,0.5,0.25,1,0.5,0.3333,0,0,0.5,0,0.5,0.5,1,0.25,0,0,,0,0.5,1,0.5,0.25,0,0
0.5,1,1,0.5,0,0,0.3333,0.75,1,0.75,1,0.5,1,0.25,0.5,0.5,0.5,1,0.75,0.5,0.3333,0.5,1,,0.3333,1,0.6667,1,0.5,1
0,0,1,0.5,1,0,0.75,0.25,1,0.5,0.5,1,0.75,0.6667,0.5,0.5,0.5,1,0.6667,0.5,0.75,0.5,0.5,0.6667,,1,1,1,0,0.5
0,0,0.5,0.5,0,0,0,0.6667,0.5,0.5,0.5,0.5,0.75,0,0.3333,0,0.5,0.5,0.3333,1,0.25,0,0,0,0,,0,0.5,0.6667,0.5
0.5,0.5,0.5,0,0.5,0.5,0.25,0.5,0.5,1,0.5,1,1,0.5,0.5,1,1,1,1,1,0.75,0.5,0.5,0.3333,0,1,,0.5,0,1
0.25,0,1,0.6667,0.6667,0.25,0.5,0,1,0,0.5,0.5,1,0.5,0,0.5,0.3333,1,1,1,0,0.25,0.75,0,0,0.5,0.5,,0,0.6667
0,0.5,1,1,1,0.5,0.6667,0.25,1,1,0.5,0.5,0.75,0.25,0.6667,0.5,0.5,0.5,0.75,1,0.25,0.5,1,0.5,1,0.3333,1,1,,1
0,0.25,1,0.3333,0,0.3333,0.5,0.5,0,1,0,0.25,0,0,0,0.25,0.5,0.5,0.5,0.25,0,0.5,1,0,0.5,0.5,0,0.3333,0,
,0,0.25,1,0.75,0.25,0.5,0.5,1,0.5,0.5,0.75,0.5,0.5,0.5,0.75,0.75,1,1,0.3333,1,0.25,0.3333,0,0.5,1,0,0.75,0.5,1
1,,1,0.6667,0.6667,0.5,1,0.5,0.75,0.5,0.5,0.75,0.5,0,1,0.75,0.6667,1,1,0.75,1,0.5,1,1,0.5,1,0.5,1,0.5,1
0.25,0.3333,0.3333,0.6667,,0,0,0,0.25,0.5,0,0.5,1,1,1,0.25,0.25,0.5,0.5,0.5,0.5,0,0.75,0.5,0.5,1,0,0.5,0.5,0.75
0,0.3333,0.75,,0.3333,0.25,0.5,0.5,0.75,1,0.5,0.5,1,0,0.5,0.25,0.75,0,1,0.6667,0.5,0.25,0.5,1,0,1,0,0.25,1,0.75
0.75,0.5,1,0.75,1,,1,1,0.75,1,0.5,0.75,1,0,1,0.75,1,1,0.5,1,1,0.3333,0.75,1,1,1,1,1,1,0.5
0.5,0,0.5,0.5,1,0,,0,1,0.6667,0.5,1,0.75,0,0.5,1,0.5,1,0.25,1,0.6667,0.5,1,0.75,1,0.75,0.5,1,0.5,1
0.5,0.5,0.5,0.5,1,0,1,,0,0.6667,0.25,0.5,1,0.25,1,1,0.5,1,0.5,1,1,0.5,1,0.3333,0.5,0.75,0.6667,1,0.5,1
0,0.25,0.5,0.25,0.75,0.25,0,1,,1,0,0.5,1,0.5,0.5,0.25,0.75,0.5,0,0.5,0.5,1,0.3333,0,0,1,0.5,1,0,0.75
0.5,0.5,1,0,0.5,0,0.3333,0.3333,0,,0,0.5,0.75,0,0,0,0.5,0.5,0.5,0.5,0.5,0,0.5,0.25,0.6667,0.5,0,0.5,0.5,0.5
0.5,0.5,1,0.5,1,0.5,0.5,0.75,1,1,,0,0.75,0,0.5,1,0.5,1,0.75,0.5,1,1,0,0.6667,0.6667,1,0.5,0.5,0.5,0.5
0.25,0.25,0.6667,0.5,0.5,0.25,0,0.5,0.5,0.5,1,,0.5,0.5,0.5,0.6667,0.5,0.5,0,0.3333,1,0.25,0.5,0.5,0,1,0,0.5,0,0.6667
0.5,0.5,0.5,0,0,0,0.25,0,0,0.25,0.25,0.5,,0,0.3333,0.5,0.5,0.3333,0,1,0.75,0,0,0,0.25,0.25,0,0,0,0.5
0.5,1,1,1,0,1,1,0.75,0.5,1,1,0.5,1,,1,0.5,1,1,0.75,1,1,0,0.5,0.75,0.5,0.75,0.6667,1,0.6667,1
0.5,0,0,0.5,0,0,0.5,0,0.5,1,0.5,0.5,0.6667,0,,0.5,0.5,0,0.25,0,0.25,0.5,0,0.25,0,0.5,0,0.5,0,1
0.25,0.25,0.75,0.75,0.75,0.25,0,0,0.75,1,0,0.3333,0.5,0.5,0.5,,0.6667,0.5,0,0.6667,1,0.25,0.5,1,0,1,0.5,0.3333,1,1
0.25,0.3333,0.5,0.25,0.75,0,0.5,0.5,0.25,0.5,0.5,0.5,0.5,0,0.5,0.3333,,0,0,0.75,1,0.25,0,0,0,1,1,0.5,0.5,1
0,0,0.5,1,0.5,0,0,0,0.5,0.5,0,0.5,0.6667,0,1,0.5,1,,0.3333,0.5,0.5,0,0.5,0.3333,0,0.25,0,0,0.25,0
0.75,0,,0.25,0.6667,0,0.5,0.5,0.5,0,0,0.3333,0.5,0,1,0.25,0.5,0.5,0,0.5,0.5,0.3333,1,0.5,0,1,0,0.5,0.5,0.5
0,0,1,0,0.5,0.5,0.75,0.5,1,0.5,0.25,1,1,0.25,0.75,1,1,0.6667,,0,1,0.5,1,0.6667,0.5,0.75,0.5,1,0,1
0.6667,0.25,0.5,0.3333,0.5,0,0,0,0.5,0.5,0.5,0.6667,0,0,1,0.3333,0.25,0.5,1,,0.5,0.25,0,0.5,0,0.5,0.5,0.5,0.5,0.75
0,0,0.5,0.5,0.5,0,0.3333,0,0.5,0.5,0,0,0.25,0,0.75,0,0,0.5,0,0.5,,0,0.5,0,0.25,0.6667,0.5,0.5,0.25,0.5
0.75,0.5,0.6667,0.75,1,0.6667,0.5,0.5,0,1,0,0.75,1,1,0.5,0.75,0.75,1,0.5,0.75,1,,1,0.5,0.5,1,1,0.5,1,1
0.6667,0,0,0.5,0.25,0.25,0,0,0.6667,0.5,1,0.5,1,0.5,1,0.5,1,0.5,0,1,0.5,0,,0.5,1,1,0.5,0.5,0,1
1,0,0.5,0,0.5,0,0.25,0.6667,1,0.75,0.3333,0.5,1,0.25,0.75,0,1,0.6667,0.3333,0.5,1,0.5,0.5,,0.5,0.75,0.25,1,0.5,1
0.5,0.5,1,1,0.5,0,0,0.5,1,0.3333,0.3333,1,0.75,0.5,1,1,1,1,0.5,1,0.75,0.5,0,0.5,,1,0.75,1,0.5,1
0,0,0,0,0,0,0.25,0.25,0,0.5,0,0,0.75,0.25,0.5,0,0,0.75,0.25,0.5,0.3333,0,0,0.25,0,,0,0,0,0
1,0.5,1,1,1,0,0.5,0.3333,0.5,1,0.5,1,1,0.3333,1,0.5,0,1,0.5,0.5,0.5,0,0.5,0.75,0.25,1,,0.5,1,1
0.25,0,0.5,0.75,0.5,0,0,0,0,0.5,0.5,0.5,1,0,0.5,0.6667,0.5,1,0,0.5,0.5,0.5,0.5,0,0,1,0.5,,0,0.6667
0.5,0.5,0.5,0,0.5,0,0.5,0.5,1,0.5,0.5,1,1,0.3333,1,0,0.5,0.75,1,0.5,0.75,0,1,0.5,0.5,1,0,1,,0.5
0,0,0.5,0.25,0.25,0.5,0,0,0.25,0.5,0.5,0.3333,0.5,0,0,0,0,1,0,0.25,0.5,0,0,0,0,1,0,0.3333,0.5,
,0,0.25,0.5,0.5,0.3333,0.5,0.5,0,0.5,0,0.3333,0.5,0.5,1,0.75,0.5,1,0,1,0.5,0.5,0.75,0.5,0,0.5,0,0.3333,0.5,0.5
1,,1,1,0.75,0.5,1,0.5,0.6667,0.5,1,1,1,1,1,1,1,1,0.5,1,1,0.3333,0.75,0.5,1,1,1,0.75,0.5,0.25
0.5,0.25,0.25,0.25,,0.25,0,0.5,0,0.5,0,0.75,1,0.5,0.5,0.75,0.3333,1,0,0.3333,1,0.25,0.3333,0,1,0,0,0.5,0.5,0.25
0.5,0,0.3333,,0.75,0.75,0,0.5,0.75,0.5,0,0.5,0.5,0,0.5,0.6667,0.75,0.5,0,0.5,1,0,0.25,0,0,0.5,0,0.3333,0.5,0.3333
0.6667,0.5,0.25,0.25,0.75,,0.5,0,0.25,0.5,0,1,1,1,1,1,0.25,1,0,0.6667,0.5,0.25,0.6667,0,1,1,0.5,0.75,0.5,0.5
0.5,0,0.5,1,1,0.5,,0.3333,0.5,0.75,0.75,0.5,1,0.25,1,1,0.5,1,0.5,1,0.75,1,0.5,0.6667,0.5,0.6667,0.25,0.5,0.5,0
0.5,0.5,1,0.5,0.5,1,0.6667,,0,0.75,0.5,0.5,0.75,0,1,1,0.5,1,0.3333,0.5,0.75,0.5,0.5,0.5,0.5,0.6667,0.5,1,0.25,1
1,0.3333,1,0.25,1,0.75,0.5,1,,1,0.5,1,1,0.5,1,1,0.75,1,1,0.5,1,0.5,0.5,1,0.5,0,1,0.75,0,0.6667
0.5,0.5,0.5,0.5,0.5,0.5,0.25,0.25,0,,0.5,0.5,0.75,0.5,1,1,1,0.75,0.3333,1,0.6667,0.5,1,0.5,0.5,0.75,0.6667,1,0,1
1,0,1,1,1,1,0.25,0.5,0.5,0.5,,1,1,0.6667,0.75,0.5,1,1,0.5,1,1,0.5,0,0.5,1,0.5,0.5,0.5,0.3333,1
0.6667,0,0.5,0.5,0.25,0,0.5,0.5,0,0.5,0,,0.5,0,0.5,0.75,0.75,0.5,0.5,1,0.5,0.3333,1,0,1,0.5,0,0.25,0.5,0.5
0.5,0,1,0.5,0,0,0,0.25,0,0.25,0,0.5,,0,0.75,0.5,0.5,0.25,0,1,0.6667,0,0,0.25,0,0.75,0,0.5,0.25,0
0.5,0,0.5,1,0.5,0,0.75,1,0.5,0.5,0.3333,1,1,,0.6667,1,0.5,1,0.5,1,1,0.5,1,0.75,0.5,0.75,0.5,1,0.75,1
0,0,1,0.5,0.5,0,0,0,0,0,0.25,0.5,0.25,0.3333,,1,0,0.5,0,1,0.75,0.5,0,0,0,0.5,0.25,0,0,0.5
0.25,0,0.3333,0.3333,0.25,0,0,0,0,0,0.5,0.25,0.5,0,0,,0.5,0.5,0,0.25,0.5,0,0,0.5,0,0.5,0,0,0.5,0
0.5,0,0,0.25,0.6667,0.75,0.5,0.5,0.25,0,0,0.25,0.5,0.5,1,0.5,,0.5,0,0.3333,0.5,0.3333,0.25,0,0,0,0,0.3333,0,0.5
0,0,0.5,0.5,0,0,0,0,0,0.25,0,0.5,0.75,0,0.5,0.5,0.5,,0.25,0.5,0.25,0.5,0.5,0.5,0,0.6667,0,0,0.5,0
0.75,0,,0.6667,0.75,0.75,0.5,0,0,0.5,0,0.5,0,0.5,0,0.6667,1,0.5,0,0.25,1,0.25,0.5,0,0.5,0,0,0.25,0.5,0.6667
1,0.5,1,1,1,1,0.5,0.6667,0,0.6667,0.5,0.5,1,0.5,1,1,1,0.75,,1,1,0.5,1,1,0.5,0.3333,0.5,0.5,0.25,0
0,0,0.75,0.5,0.6667,0.3333,0,0.5,0.5,0,0,0,0,0,0,0.75,0.6667,0.5,0,,0,0.25,0.25,0,0,0,0,0.25,0.5,0.6667
0.5,0.6667,0.75,1,0.75,0.75,0,0.5,0.5,0.5,0.5,0.6667,1,0.5,0.5,1,0.6667,0.5,0.5,0.75,1,,0.75,0,1,0.5,0,0.6667,0,0.75
0.25,0.25,0.5,0.75,0.6667,0.3333,0.5,0.5,0.5,0,1,0,1,0,1,1,0.75,0.5,0,0.75,1,0.25,,0.5,0.5,0.5,0.5,0.25,0,0.5
0.5,0.5,1,1,1,1,0.3333,0.5,0,0.5,0.5,1,0.75,0.25,1,0.5,1,0.5,0,1,1,1,0.5,,1,1,0.75,1,0.3333,1
1,0,0.5,1,0,0,0.5,0.5,0.5,0.5,0,0,1,0.5,1,1,1,1,0.5,1,0.5,0,0.5,0,,0.25,0,0.5,0.75,0.5
0.5,0,1,0.5,1,0,0.3333,0.3333,1,0.25,0.5,0.5,0.25,0.25,0.5,0.5,1,0.3333,0.6667,1,0.75,0.5,0.5,0,0.75,,0.25,0.5,0.5,0
1,0,1,1,1,0.5,0.75,0.5,0,0.3333,0.5,1,1,0.5,0.75,1,1,1,0.5,1,0.6667,1,0.5,0.25,1,0.75,,0.5,0.5,1
0.5,0,0,0,0,0.5,0.25,0.25,0,0.3333,0,0.5,0.3333,0,0.25,0.5,0.5,0.75,0,1,,0,0,0,0.5,0.25,0.3333,0.5,0,0
0.6667,0.25,0.75,0.6667,0.5,0.25,0.5,0,0.25,0,0.5,0.75,0.5,0,1,1,0.6667,1,0.5,0.75,0.5,0.3333,0.75,0,0.5,0.5,0.5,,0,0.25
0.5,0.5,0.5,0.5,0.5,0.5,0.5,0.75,1,1,0.6667,0.5,0.75,0.25,1,0.5,1,0.5,0.75,0.5,1,1,1,0.6667,0.25,0.5,0.5,1,,1
0.5,0.75,0.3333,0.6667,0.75,0.5,1,0,0.3333,0,0,0.5,1,0,0.5,1,0.5,1,1,0.3333,1,0.25,0.5,0,0.5,1,0,0.75,0,
,0.75,0.3333,0,0.25,0.25,0,0.5,0.3333,1,0.5,0.25,1,0,1,0,0.3333,1,0,0.3333,0,0.75,0.25,0.5,0.5,0.5,0,0.5,0,0.25
0.25,,0.5,0,0.5,0.3333,0,0.5,0,0,0.5,0.25,0,0,0.5,0.3333,0.5,0.5,0,0.75,0.5,0.25,0.25,0,1,0,0.5,0.25,0,0
0.75,0.5,0.3333,0.3333,,0.5,0,0.5,0.5,0.5,0,0.3333,0,1,0,0.5,0.5,0.5,0.5,0.5,0,0.5,0.5,0,0,0.5,0.5,0,0.5,0.5
1,1,0.25,,0.6667,0.5,0.5,0.5,0.75,0.5,0,0.75,0,0.5,0.5,0.75,1,0,1,0.75,1,0.3333,0.6667,0.5,1,0,0.5,0.5,0,0.75
0.75,0.6667,0.6667,0.5,0.5,,0,0,0.25,1,0.5,0.75,1,1,1,0.25,1,1,0.5,0.5,0.5,0.3333,0.75,0,0.5,1,1,0.75,0.5,0.6667
1,1,1,0.5,1,1,,0.75,0.5,0,0.75,1,0.6667,0.75,1,1,1,1,1,1,1,1,1,0.5,1,1,0.75,1,0.3333,0.5
0.5,0.5,0.5,0.5,0.5,1,0.25,,0,0.75,0.3333,1,0.6667,0.75,0.5,1,1,0.5,0.5,0.5,0.75,0.5,0.5,0.3333,0.75,0.5,0.3333,0.5,0.25,0.5
0.6667,1,1,0.25,0.5,0.75,0.5,1,,0,0.5,0.5,1,1,1,0.6667,0.75,0.5,0.5,0.6667,1,1,0.75,0.5,0.5,0.5,0,0.6667,0,0.5
0,1,0.5,0.5,0.5,0,1,0.25,1,,0.6667,0.5,0.5,0,0.75,0,0,0.6667,0.75,0.5,0.75,0.5,1,0.25,0.6667,0.75,0.25,0.5,0.5,0.5
0.5,0.5,1,1,1,0.5,0.25,0.6667,0.5,0.3333,,0.5,0.75,0.5,1,1,1,0.5,0.25,1,1,1,1,0.25,0.5,1,0.5,0.5,0.25,1
0.75,0.75,0,0.25,0.6667,0.25,0,0,0.5,0.5,0.5,,0.5,0.5,1,0.5,1,0,0.5,0.6667,0,0.5,0.5,0,1,0,0.5,0.3333,0,0
0,1,0.5,1,1,0,0.3333,0.3333,0,0.5,0.25,0.5,,0.5,1,1,1,0.3333,0.5,0.5,0.5,0.5,1,0.5,0.75,0.5,0,0,0.25,0.5
1,1,1,0.5,0,0,0.25,0.25,0,1,0.5,0.5,0.5,,0.5,0.5,0,0.75,0.3333,0,0.75,1,0.5,0.25,0.3333,0.75,0.6667,0.5,0.6667,0.5
0,0.5,0,0.5,1,0,0,0.5,0,0.25,0,0,0,0.5,,0,0,0.6667,0.25,0,0.3333,0.5,0.5,0,0.5,0.3333,0.25,0.5,0.25,0.5
1,0.6667,0.75,0.25,0.5,0.75,0,0,0.3333,1,0,0.5,0,0.5,1,,0.6667,1,0.5,0.25,1,0,0.25,0,1,1,0.5,0.6667,1,0.75
0.6667,0.5,0.3333,0,0.5,0,0,0,0.25,1,0,0,0,1,1,0.3333,,1,0,0.25,0.5,0.25,0.6667,0,0.5,0.5,1,0.25,0,0.25
0,0.5,0.5,1,0.5,0,0,0.5,0.5,0.3333,0.5,1,0.6667,0.25,0.3333,0,0,,0.25,1,0.25,0.5,1,0.25,0.5,0.5,0.3333,0,0.25,0.5
0.6667,0.5,,0.75,0.6667,0.3333,0,0.5,0,0.5,0,1,0.5,0,1,0.25,0.6667,0.5,0.5,1,0,0.5,0.5,0,0,0.5,0,0.5,1,1
1,1,0.5,0,0.5,0.5,0,0.5,0.5,0.25,0.75,0.5,0.5,0.6667,0.75,0.5,1,0.75,,1,0.5,0.5,0,0,0.3333,0.75,0,0,0.3333,0.5
0.6667,0.25,0,0.25,0.5,0.5,0,0.5,0.3333,0.5,0,0.3333,0.5,1,1,0.75,0.75,0,0,,0.5,0.6667,0.25,0,0.5,0.5,0,0.25,0.5,0.5
0.25,0.75,0.5,0.6667,0.5,0.6667,0,0.5,0,0.5,0,0.5,0.5,0,0.5,1,0.75,0.5,0.5,0.3333,1,,0.6667,0,1,0.5,0.5,0,1,0.5
0.75,0.75,0.5,0.3333,0.5,0.25,0,0.5,0.25,0,0,0.5,0,0.5,0.5,0.75,0.3333,0,1,0.75,1,0.3333,,0.5,0.5,0.5,0,0.25,0.5,0
0.5,1,1,0.5,1,1,0.5,0.6667,0.5,0.75,0.75,1,0.5,0.75,1,1,1,0.75,1,1,0.6667,1,0.5,,1,0.75,0.3333,1,0.25,0.5
0.5,0,1,0,1,0.5,0,0.25,0.5,0.3333,0.5,0,0.25,0.6667,0.5,0,0.5,0.5,0.6667,0.5,0.5,0,0.5,0,,0.5,0,0.5,0.5,1
0.5,1,0.5,1,0.5,0,0,0.5,0.5,0.25,0,1,0.5,0.25,0.6667,0,0.5,0.5,0.25,0.5,0.6667,0.5,0.5,0.25,0.5,,0,0.5,0.6667,0
1,0.5,1,0.5,0.5,0,0.25,0.6667,1,0.75,0.5,0.5,1,0.3333,0.75,0.5,0,0.6667,1,1,1,0.5,1,0.6667,1,1,,1,0.5,1
1,0.5,1,0,1,0.5,0,0.25,0,0.25,0,1,0.5,0.25,0.6667,0,0.5,0.75,0.5,0.5,,0,0,0.3333,0.5,0.3333,0,0.5,0.5,0
0.5,0.75,0.5,0.5,1,0.25,0,0.5,0.3333,0.5,0.5,0.6667,1,0.5,0.5,0.3333,0.75,1,1,0.75,0.5,1,0.75,0,0.5,0.5,0,,0,0.75
1,1,0,1,0.5,0.5,0.6667,0.75,1,0.5,0.75,1,0.75,0.3333,0.75,0,1,0.75,0.6667,0.5,0.5,0,0.5,0.75,0.5,0.3333,0.5,1,,0.5
0.75,1,0,0.25,0.5,0.3333,0.5,0.5,0.5,0.5,0,1,0.5,0.5,0.5,0.25,0.75,0.5,0.5,0.5,1,0.5,1,0.5,0,1,0,0.25,0.5,