Rk,Team,Overall,Home,Road,E,W,A,C,SE,NW,P,SW,Pre,Post,MOV_under_3,MOV_over_10,Oct,Nov,Dec,Jan,Feb,Mar,Apr
1,Dallas Mavericks,67-15,36-5,31-10,27-3,40-12,10-0,8-2,9-1,15-3,11-7,14-2,44-9,23-6,12-3,36-9,,11-4,13-3,14-2,10-0,13-2,6-4
2,Phoenix Suns,61-21,33-8,28-13,25-5,36-16,9-1,8-2,8-2,12-6,11-5,13-5,39-13,22-8,5-4,32-4,0-1,8-5,13-2,15-1,8-5,10-4,7-3
3,San Antonio Spurs,58-24,31-10,27-14,20-10,38-14,9-1,4-6,7-3,14-4,14-4,10-6,35-18,23-6,3-5,35-7,,11-5,12-3,9-7,7-3,13-2,6-4
4,Detroit Pistons,53-29,26-15,27-14,36-16,17-13,15-3,9-7,12-6,6-4,6-4,5-5,32-19,21-10,6-10,24-7,,10-5,8-6,8-7,10-1,10-7,7-3
5,Houston Rockets,52-30,28-13,24-17,24-6,28-24,8-2,7-3,9-1,10-8,10-8,8-8,33-19,19-11,4-4,25-13,,10-5,9-7,10-4,6-6,12-4,5-4
6,Utah Jazz,51-31,31-10,20-21,19-11,32-20,6-4,9-1,4-6,10-6,10-8,12-6,35-17,16-14,10-10,26-11,,13-4,9-5,8-8,8-2,9-6,4-6
7,Cleveland Cavaliers,50-32,30-11,20-21,31-21,19-11,12-6,10-6,9-9,5-5,8-2,6-4,31-22,19-10,9-7,25-11,,9-6,8-6,9-7,7-5,11-5,6-3
8,Chicago Bulls,49-33,31-10,18-23,36-16,13-17,11-7,12-4,13-5,5-5,3-7,5-5,29-25,20-8,9-9,28-15,1-0,4-9,14-3,7-8,7-7,10-4,6-2
9,Toronto Raptors,47-35,30-11,17-24,33-19,14-16,11-5,9-9,13-5,5-5,5-5,4-6,29-24,18-11,11-6,23-18,,5-10,8-8,10-5,9-3,8-6,7-3
10,Denver Nuggets,45-37,23-18,22-19,18-12,27-25,5-5,7-3,6-4,9-7,11-7,7-11,26-25,19-12,3-7,23-17,,8-5,8-7,6-9,6-7,7-8,10-1
11,Miami Heat,44-38,27-14,17-24,27-25,17-13,9-9,9-9,9-7,8-2,5-5,4-6,26-26,18-12,13-6,16-22,0-1,6-8,7-8,7-8,8-4,11-4,5-5
12,Golden State Warriors,42-40,30-11,12-29,14-16,28-24,7-3,4-6,3-7,10-8,6-10,12-6,25-29,17-11,8-8,26-21,,9-7,7-9,5-9,5-8,8-6,8-1
13,Los Angeles Lakers,42-40,25-16,17-24,14-16,28-24,6-4,2-8,6-4,10-8,10-6,8-10,30-24,12-16,5-4,18-16,1-0,9-5,10-6,8-7,5-7,5-9,4-6
14,New Jersey Nets,41-41,24-17,17-24,31-21,10-20,10-6,10-8,11-7,4-6,3-7,3-7,25-29,16-12,6-8,17-17,,6-9,7-9,9-6,6-6,6-9,7-2
15,Washington Wizards,41-41,26-15,15-26,27-25,14-16,9-9,10-8,8-8,5-5,6-4,3-7,29-21,12-20,12-7,19-16,,5-9,12-4,10-5,4-7,7-8,3-8
16,Orlando Magic,40-42,25-16,15-26,26-26,14-16,8-10,9-9,9-7,8-2,3-7,3-7,27-26,13-16,10-7,20-19,,12-4,6-10,6-8,4-9,6-8,6-3
17,Los Angeles Clippers,40-42,25-16,15-26,17-13,23-29,6-4,5-5,6-4,8-10,8-8,7-11,25-28,15-14,5-6,20-25,,7-7,7-9,9-6,5-7,8-8,4-5
18,New Orleans/Oklahoma City Hornets,39-43,24-17,15-26,16-14,23-29,5-5,5-5,6-4,9-9,8-10,6-10,25-28,14-15,9-7,14-21,,8-7,4-11,7-8,9-4,5-10,6-3
19,Indiana Pacers,35-47,22-19,13-28,25-27,10-20,8-10,8-8,9-9,2-8,3-7,5-5,28-24,7-23,5-7,18-24,,9-7,8-8,7-6,5-6,2-14,4-6
20,Philadelphia 76ers,35-47,21-20,14-27,24-28,11-19,9-7,6-12,9-9,5-5,3-7,3-7,17-36,18-11,9-8,12-25,,5-9,3-13,7-10,5-6,9-6,6-3
21,Charlotte Bobcats,33-49,20-21,13-28,24-28,9-21,7-11,8-10,9-7,3-7,4-6,2-8,19-33,14-16,2-4,15-23,,4-11,5-10,8-7,5-8,6-9,5-4
22,New York Knicks,33-49,19-22,14-27,22-30,11-19,3-13,8-10,11-7,4-6,5-5,2-8,23-30,10-19,10-10,10-23,,6-11,7-9,7-8,6-5,5-9,2-7
23,Sacramento Kings,33-49,20-21,13-28,15-15,18-34,6-4,6-4,3-7,10-8,5-11,3-15,22-29,11-20,5-6,14-19,,8-5,5-10,5-11,7-6,5-9,3-8
24,Minnesota Timberwolves,32-50,20-21,12-29,14-16,18-34,6-4,5-5,3-7,6-10,7-11,5-13,25-27,7-23,7-10,9-25,,6-8,7-7,9-8,4-8,4-11,2-8
25,Portland Trail Blazers,32-50,18-23,14-27,13-17,19-33,5-5,3-7,5-5,7-9,6-12,6-12,22-32,10-18,11-7,9-29,,6-10,7-8,7-9,4-7,5-10,3-6
26,Seattle SuperSonics,31-51,20-21,11-30,13-17,18-34,5-5,4-6,4-6,8-8,6-12,4-14,20-32,11-19,10-10,14-23,,6-10,7-9,4-10,5-6,8-7,1-9
27,Atlanta Hawks,30-52,18-23,12-29,17-35,13-17,8-10,4-14,5-11,4-6,6-4,3-7,21-31,9-21,7-7,11-30,,6-7,3-13,8-7,5-9,5-10,3-6
28,Milwaukee Bucks,28-54,18-23,10-31,15-37,13-17,7-11,1-15,7-11,4-6,5-5,4-6,19-34,9-20,4-8,10-28,,5-9,11-6,2-13,3-9,4-9,3-8
29,Boston Celtics,24-58,12-29,12-29,16-36,8-22,7-9,4-14,5-13,5-5,0-10,3-7,13-38,11-20,4-12,7-20,,5-9,5-10,2-14,3-9,7-8,2-8
30,Memphis Grizzlies,22-60,14-27,8-33,8-22,14-38,3-7,1-9,4-6,8-10,4-14,2-14,14-40,8-20,5-12,8-26,,4-11,3-14,5-10,3-9,4-11,3-5
Rk,Team,Overall,Home,Road,E,W,A,C,SE,NW,P,SW,Pre,Post,MOV_under_3,MOV_over_10,Oct,Nov,Dec,Jan,Feb,Mar,Apr
1,Boston Celtics,66-16,35-6,31-10,41-11,25-5,14-2,15-3,12-6,8-2,8-2,9-1,41-9,25-7,7-6,45-3,,13-2,13-1,10-5,9-4,13-3,8-1
2,Detroit Pistons,59-23,34-7,25-16,37-15,22-8,11-7,11-5,15-3,7-3,7-3,8-2,39-13,20-10,5-3,37-10,,9-5,15-2,9-6,9-3,10-5,7-2
3,Los Angeles Lakers,57-25,30-11,27-14,20-10,37-15,7-3,6-4,7-3,15-3,12-4,10-8,35-17,22-8,5-8,37-9,0-1,9-6,10-4,9-5,13-2,9-6,7-1
4,New Orleans Hornets,56-26,30-11,26-15,22-8,34-18,8-2,7-3,7-3,11-7,13-5,10-6,36-15,20-11,8-4,37-15,1-0,10-6,9-5,12-2,7-5,11-4,6-4
5,San Antonio Spurs,56-26,34-7,22-19,23-7,33-19,6-4,7-3,10-0,13-5,10-8,10-6,34-17,22-9,8-6,31-11,2-0,12-3,7-5,8-8,10-1,12-6,5-3
6,Houston Rockets,55-27,31-10,24-17,22-8,33-19,5-5,9-1,8-2,14-4,11-7,8-8,32-20,23-7,9-3,31-11,1-0,8-8,6-8,10-4,13-0,11-4,6-3
7,Phoenix Suns,55-27,30-11,25-16,24-6,31-21,8-2,8-2,8-2,12-6,10-6,9-9,37-16,18-11,3-5,31-9,,12-4,10-5,11-5,6-5,11-5,5-3
8,Utah Jazz,54-28,37-4,17-24,21-9,33-19,7-3,7-3,7-3,10-6,11-7,12-6,34-19,20-9,4-3,37-14,1-0,11-5,5-11,11-2,9-4,12-4,5-2
9,Orlando Magic,52-30,25-16,27-14,38-14,14-16,13-5,13-5,12-4,6-4,5-5,3-7,33-21,19-9,6-6,34-12,1-0,13-4,8-7,7-7,8-5,10-4,5-3
10,Dallas Mavericks,51-31,34-7,17-24,18-12,33-19,5-5,6-4,7-3,11-7,12-6,10-6,35-18,16-13,5-6,29-11,1-0,10-5,9-6,11-3,8-6,7-8,5-3
11,Denver Nuggets,50-32,33-8,17-24,19-11,31-21,7-3,5-5,7-3,10-6,10-8,11-7,32-20,18-12,6-6,29-18,1-0,9-7,8-5,9-6,8-5,10-6,5-3
12,Golden State Warriors,48-34,27-14,21-20,20-10,28-24,8-2,5-5,7-3,8-10,10-6,10-8,32-20,16-14,9-2,22-14,0-1,8-6,11-6,9-6,7-3,10-6,3-6
13,Cleveland Cavaliers,45-37,27-14,18-23,28-24,17-13,10-8,7-9,11-7,6-4,7-3,4-6,29-23,16-14,10-8,10-17,0-1,9-7,5-9,11-3,8-6,8-7,4-4
14,Washington Wizards,43-39,25-16,18-23,29-23,14-16,10-8,9-9,10-6,5-5,4-6,5-5,25-27,18-12,5-9,26-19,0-1,7-8,8-5,9-6,4-10,10-6,5-3
15,Toronto Raptors,41-41,25-16,16-25,29-23,12-18,10-6,9-9,10-8,4-6,2-8,6-4,28-23,13-18,3-3,26-16,1-0,8-7,8-8,8-5,7-5,6-11,3-5
16,Portland Trail Blazers,41-41,28-13,13-28,15-15,26-26,5-5,5-5,5-5,11-5,8-10,7-11,28-24,13-17,10-2,15-22,0-1,5-10,13-2,8-6,5-9,7-8,3-5
17,Philadelphia 76ers,40-42,22-19,18-23,25-27,15-15,7-9,9-9,9-9,5-5,4-6,6-4,23-30,17-12,4-8,18-20,0-1,5-9,9-7,4-11,8-5,11-4,3-5
18,Sacramento Kings,38-44,26-15,12-29,17-13,21-31,6-4,6-4,5-5,10-8,3-13,8-10,23-28,15-16,10-8,17-23,0-1,5-9,6-8,9-6,6-8,7-8,5-4
19,Atlanta Hawks,37-45,25-16,12-29,24-28,13-17,9-9,6-12,9-7,5-5,5-5,3-7,22-28,15-17,6-5,11-24,,6-9,9-4,4-11,6-8,9-8,3-5
20,Indiana Pacers,36-46,21-20,15-26,24-28,12-18,10-8,5-11,9-9,6-4,3-7,3-7,21-32,15-14,4-3,14-22,1-0,7-9,7-8,4-10,4-9,8-7,5-3
21,New Jersey Nets,34-48,21-20,13-28,26-26,8-22,4-12,11-7,11-7,5-5,2-8,1-9,23-30,11-18,7-3,8-31,1-0,6-8,7-8,5-10,7-6,5-11,3-5
22,Chicago Bulls,33-49,20-21,13-28,24-28,9-21,5-13,11-5,8-10,5-5,3-7,1-9,21-31,12-18,4-3,19-29,0-1,3-9,8-8,7-9,5-8,6-9,4-5
23,Charlotte Bobcats,32-50,21-20,11-30,19-33,13-17,6-12,6-12,7-9,8-2,4-6,1-9,19-34,13-16,8-6,12-24,,6-8,5-10,7-10,1-11,9-7,4-4
24,Milwaukee Bucks,26-56,19-22,7-34,18-34,8-22,3-15,6-10,9-9,3-7,2-8,3-7,19-34,7-22,6-9,5-29,0-1,7-6,4-12,7-10,4-7,2-12,2-8
25,Los Angeles Clippers,23-59,13-28,10-31,10-20,13-39,5-5,3-7,2-8,5-13,5-11,3-15,17-33,6-26,2-5,10-35,,6-8,4-11,4-9,5-9,3-15,1-7
26,New York Knicks,23-59,15-26,8-33,20-32,3-27,5-11,7-11,8-10,3-7,0-10,0-10,15-37,8-22,4-5,6-33,,5-10,3-11,6-10,4-9,2-13,3-6
27,Memphis Grizzlies,22-60,14-27,8-33,11-19,11-41,4-6,2-8,5-5,5-13,4-14,2-14,14-38,8-22,2-11,10-37,0-1,5-9,3-12,5-11,1-11,5-11,3-5
28,Minnesota Timberwolves,22-60,15-26,7-34,8-22,14-38,3-7,3-7,2-8,3-13,8-10,3-15,10-41,12-19,4-8,8-35,,2-12,2-14,5-10,3-9,7-8,3-7
29,Seattle SuperSonics,20-62,13-28,7-34,8-22,12-40,3-7,3-7,2-8,6-10,3-15,3-15,13-38,7-24,5-7,5-37,0-1,3-13,6-8,2-13,4-8,2-14,3-5
30,Miami Heat,15-67,9-32,6-35,8-44,7-23,2-16,4-14,2-14,3-7,3-7,1-9,9-43,6-24,3-11,4-34,,4-11,4-12,1-13,2-10,2-15,2-6
Rk,Team,Overall,Home,Road,E,W,A,C,SE,NW,P,SW,Pre,Post,MOV_under_3,MOV_over_10,Oct,Nov,Dec,Jan,Feb,Mar,Apr
1,Cleveland Cavaliers,66-16,39-2,27-14,40-12,26-4,15-3,13-3,12-6,10-0,8-2,8-2,40-11,26-5,3-3,41-7,1-1,13-2,12-2,10-4,9-3,16-1,5-3
2,Los Angeles Lakers,65-17,36-5,29-12,21-9,44-8,9-1,8-2,4-6,14-4,14-2,16-2,42-10,23-7,7-5,35-7,2-0,12-1,11-4,12-4,11-2,10-5,7-1
3,Boston Celtics,62-20,35-6,27-14,41-11,21-9,15-1,12-6,14-4,7-3,6-4,8-2,44-11,18-9,7-3,35-6,2-0,14-2,12-3,11-4,8-4,9-6,6-1
4,Orlando Magic,59-23,32-9,27-14,37-15,22-8,12-6,11-7,14-2,8-2,9-1,5-5,38-13,21-10,9-2,32-10,0-2,13-2,12-3,10-3,8-6,12-2,4-5
5,Denver Nuggets,54-28,33-8,21-20,19-11,35-17,8-2,3-7,8-2,12-4,11-7,12-6,36-17,18-11,8-5,32-14,1-1,11-5,9-6,10-4,8-4,10-6,5-2
6,Portland Trail Blazers,54-28,34-7,20-21,22-8,32-20,7-3,8-2,7-3,11-5,11-7,10-8,32-20,22-8,9-1,31-11,1-1,11-5,8-6,9-5,7-5,11-5,7-1
7,San Antonio Spurs,54-28,28-13,26-15,18-12,36-16,6-4,5-5,7-3,11-7,15-3,10-6,35-16,19-12,12-7,26-12,0-2,9-5,11-4,12-3,7-4,9-8,6-2
8,Houston Rockets,53-29,33-8,20-21,18-12,35-17,5-5,5-5,8-2,14-4,12-6,9-7,32-21,21-8,5-8,29-11,2-0,9-7,10-5,8-7,8-3,11-4,5-3
9,Dallas Mavericks,50-32,32-9,18-23,21-9,29-23,7-3,6-4,8-2,11-7,11-7,7-9,31-21,19-11,10-4,28-14,0-1,8-7,11-4,8-7,8-4,9-7,6-2
10,New Orleans Hornets,49-33,28-13,21-20,19-11,30-22,6-4,7-3,6-4,10-8,11-7,9-7,30-20,19-13,8-1,23-17,2-0,7-6,10-3,9-7,7-6,11-5,3-6
11,Utah Jazz,48-34,33-8,15-26,15-15,33-19,7-3,5-5,3-7,10-6,12-6,11-7,30-23,18-11,1-3,26-15,1-0,10-7,8-7,7-8,10-1,10-5,2-6
12,Atlanta Hawks,47-35,31-10,16-25,30-22,17-13,6-12,13-5,11-5,7-3,5-5,5-5,31-21,16-14,5-7,18-13,1-0,9-6,11-4,6-10,6-5,10-7,4-3
13,Phoenix Suns,46-36,28-13,18-23,16-14,30-22,5-5,5-5,6-4,12-6,11-5,7-11,28-23,18-13,5-3,23-21,1-1,10-6,7-5,7-8,8-5,7-9,6-2
14,Miami Heat,43-39,28-13,15-26,28-24,15-15,9-9,10-8,9-7,5-5,8-2,2-8,28-24,15-15,7-6,16-17,1-1,7-8,9-4,8-8,6-6,8-8,4-4
15,Chicago Bulls,41-41,28-13,13-28,24-28,17-13,9-9,9-7,6-12,4-6,8-2,5-5,23-30,18-11,4-8,18-19,1-1,7-8,6-9,7-9,6-6,9-7,5-1
16,Philadelphia 76ers,41-41,24-17,17-24,25-27,16-14,6-10,10-8,9-9,4-6,7-3,5-5,27-24,14-17,6-9,15-19,1-1,6-9,6-8,10-5,6-6,9-6,3-6
17,Detroit Pistons,39-43,21-20,18-23,26-26,13-17,9-9,7-9,10-8,4-6,7-3,2-8,27-24,12-19,5-6,12-16,1-0,9-6,9-5,6-9,3-9,8-9,3-5
18,Indiana Pacers,36-46,25-16,11-30,23-29,13-17,8-10,7-9,8-10,4-6,6-4,3-7,21-33,15-13,9-12,9-15,0-1,6-9,4-11,9-8,6-7,7-7,4-3
19,Charlotte Bobcats,35-47,23-18,12-29,20-32,15-15,9-9,6-12,5-11,4-6,8-2,3-7,21-31,14-16,5-5,14-18,0-1,5-10,6-10,8-7,6-7,9-5,1-7
20,Milwaukee Bucks,34-48,22-19,12-29,21-31,13-17,8-10,4-12,9-9,4-6,4-6,5-5,26-29,8-19,5-3,16-21,1-1,6-11,8-6,9-9,5-6,3-10,2-5
21,New Jersey Nets,34-48,19-22,15-26,23-29,11-19,8-8,6-12,9-9,4-6,4-6,3-7,24-29,10-19,6-8,18-24,1-0,8-7,6-10,6-10,5-5,4-12,4-4
22,Toronto Raptors,33-49,18-23,15-26,22-30,11-19,6-10,7-11,9-9,3-7,5-5,3-7,21-34,12-15,3-4,15-24,2-0,6-8,4-12,7-9,4-8,5-8,5-4
23,New York Knicks,32-50,20-21,12-29,20-32,12-18,5-11,6-12,9-9,3-7,3-7,6-4,21-31,11-19,1-4,12-20,1-1,7-7,4-10,9-7,3-10,5-11,3-4
24,Golden State Warriors,29-53,21-20,8-33,11-19,18-34,6-4,2-8,3-7,9-9,6-10,3-15,19-35,10-18,3-6,13-25,0-2,5-10,5-12,5-9,5-5,5-11,4-4
25,Memphis Grizzlies,24-58,16-25,8-33,10-20,14-38,1-9,4-6,5-5,1-17,8-10,5-11,15-37,9-21,2-4,11-38,1-1,3-12,6-9,1-13,4-8,4-11,5-4
26,Minnesota Timberwolves,24-58,11-30,13-28,11-19,13-39,3-7,6-4,2-8,3-13,6-12,4-14,17-34,7-24,6-8,7-27,1-0,3-11,2-14,10-4,2-11,3-14,3-4
27,Oklahoma City Thunder,23-59,15-26,8-33,8-22,15-37,4-6,2-8,2-8,4-12,5-13,6-12,13-40,10-19,7-9,6-34,0-1,2-15,2-13,7-7,3-9,7-8,2-6
28,Los Angeles Clippers,19-63,11-30,8-33,9-21,10-42,4-6,2-8,3-7,5-13,2-14,3-15,13-40,6-23,4-8,10-41,0-2,3-11,5-10,2-14,5-8,3-11,1-7
29,Washington Wizards,19-63,13-28,6-35,10-42,9-21,4-14,5-13,1-15,4-6,4-6,1-9,11-42,8-21,7-5,7-35,0-1,2-11,4-12,4-13,4-8,3-13,2-5
30,Sacramento Kings,17-65,11-30,6-35,1-29,16-36,1-9,0-10,0-10,5-13,7-9,4-14,11-43,6-22,2-14,6-33,0-2,5-12,3-10,2-14,3-10,3-9,1-8
Rk,Team,Overall,Home,Road,E,W,A,C,SE,NW,P,SW,Pre,Post,MOV_under_3,MOV_over_10,Oct,Nov,Dec,Jan,Feb,Mar,Apr
1,Cleveland Cavaliers,61-21,35-6,26-15,38-14,23-7,15-3,12-4,11-7,7-3,10-0,6-4,43-11,18-10,7-8,32-5,2-2,10-3,14-3,12-3,8-3,13-2,2-5
2,Orlando Magic,59-23,34-7,25-16,39-13,20-10,16-2,13-5,10-6,6-4,8-2,6-4,36-18,23-5,3-4,39-6,2-0,12-4,9-4,9-8,8-4,12-2,7-1
3,Los Angeles Lakers,57-25,34-7,23-18,22-8,35-17,8-2,8-2,6-4,11-7,13-3,11-7,41-13,16-12,11-7,27-13,1-1,12-2,12-3,12-5,8-4,9-6,3-4
4,Dallas Mavericks,55-27,28-13,27-14,22-8,33-19,6-4,9-1,7-3,9-9,14-4,10-6,32-20,23-7,9-2,21-14,2-1,11-4,9-5,8-7,9-4,11-4,5-2
5,Phoenix Suns,54-28,32-9,22-19,19-11,35-17,9-1,5-5,5-5,11-7,12-4,12-6,31-22,23-6,5-4,31-10,2-0,12-3,7-9,7-9,9-3,12-2,5-2
6,Atlanta Hawks,53-29,34-7,19-22,32-20,21-9,13-5,11-7,8-8,7-3,7-3,7-3,33-18,20-11,4-6,31-9,2-0,10-5,9-5,9-6,7-5,11-5,5-3
7,Denver Nuggets,53-29,34-7,19-22,19-11,34-18,7-3,7-3,5-5,12-4,11-7,11-7,35-18,18-11,9-4,29-13,2-0,10-5,8-7,12-3,7-5,9-7,5-2
8,Utah Jazz,53-29,32-9,21-20,22-8,31-21,9-1,7-3,6-4,8-8,10-8,13-5,32-19,21-10,5-3,32-14,1-1,9-6,8-7,10-4,10-3,12-5,3-3
9,Boston Celtics,50-32,24-17,26-15,33-19,17-13,13-3,10-8,10-8,7-3,5-5,5-5,32-18,18-14,8-6,23-10,3-0,10-4,10-4,6-8,7-5,11-6,3-5
10,Oklahoma City Thunder,50-32,27-14,23-18,22-8,28-24,9-1,5-5,8-2,9-7,11-7,8-10,30-21,20-11,7-11,25-9,2-0,7-8,9-6,8-7,9-2,11-5,4-4
11,Portland Trail Blazers,50-32,26-15,24-17,17-13,33-19,6-4,6-4,5-5,8-8,13-5,12-6,31-24,19-8,6-3,24-13,1-2,11-5,9-6,7-8,7-6,11-2,4-3
12,San Antonio Spurs,50-32,29-12,21-20,19-11,31-21,6-4,6-4,7-3,8-10,14-4,9-7,30-21,20-11,6-4,34-9,2-1,7-5,10-5,8-8,6-5,12-5,5-3
13,Miami Heat,47-35,24-17,23-18,32-20,15-15,13-5,10-8,9-7,4-6,7-3,4-6,26-27,21-8,7-3,27-18,2-0,7-7,7-7,8-9,5-8,12-3,6-1
14,Milwaukee Bucks,46-36,28-13,18-23,31-21,15-15,13-5,10-6,8-10,7-3,5-5,3-7,24-27,22-9,7-12,19-17,1-1,8-6,3-11,8-7,10-4,11-4,5-3
15,Charlotte Bobcats,44-38,31-10,13-28,27-25,17-13,8-10,9-9,10-6,4-6,8-2,5-5,26-25,18-13,9-7,21-11,1-2,6-7,5-9,12-4,4-7,11-6,5-3
16,Houston Rockets,42-40,23-18,19-22,14-16,28-24,7-3,4-6,3-7,11-7,8-10,9-7,27-24,15-16,5-5,17-15,2-1,7-7,11-5,5-9,4-7,8-8,5-3
17,Chicago Bulls,41-41,24-17,17-24,28-24,13-17,10-8,10-6,8-10,4-6,3-7,6-4,25-26,16-15,7-5,15-21,1-1,5-8,7-8,10-5,8-6,4-11,6-2
18,Memphis Grizzlies,40-42,23-18,17-24,18-12,22-30,8-2,6-4,4-6,8-10,9-9,5-11,26-25,14-17,6-4,17-26,1-1,5-11,9-4,10-5,5-8,8-7,2-6
19,Toronto Raptors,40-42,25-16,15-26,29-23,11-19,11-5,10-8,8-10,2-8,4-6,5-5,29-23,11-19,6-5,19-24,1-1,6-10,9-6,10-5,5-5,6-10,3-5
20,New Orleans Hornets,37-45,24-17,13-28,11-19,26-26,2-8,4-6,5-5,8-10,11-7,7-9,28-25,9-20,6-3,5-24,1-1,6-9,7-6,12-5,5-8,4-12,2-4
21,Indiana Pacers,32-50,23-18,9-32,23-29,9-21,11-7,6-10,6-12,3-7,4-6,2-8,18-34,14-16,3-5,20-28,0-2,6-7,3-13,7-10,4-7,8-8,4-3
22,Los Angeles Clippers,29-53,21-20,8-33,14-16,15-37,4-6,6-4,4-6,7-11,5-11,3-15,21-31,8-22,5-3,12-35,0-4,8-6,6-8,6-9,4-8,3-13,2-5
23,New York Knicks,29-53,18-23,11-30,20-32,9-21,6-10,6-12,8-10,3-7,3-7,3-7,19-32,10-21,4-6,10-28,0-3,3-11,9-6,6-9,2-9,6-10,3-5
24,Detroit Pistons,27-55,17-24,10-31,18-34,9-21,7-11,2-14,9-9,3-7,2-8,4-6,18-33,9-22,4-1,7-29,1-2,5-9,5-10,4-10,6-7,2-13,4-4
25,Philadelphia 76ers,27-55,12-29,15-26,14-38,13-17,7-9,5-13,2-16,3-7,4-6,6-4,20-32,7-23,6-8,15-26,2-1,3-12,4-10,7-8,6-5,4-13,1-6
26,Golden State Warriors,26-56,18-23,8-33,11-19,15-37,7-3,3-7,1-9,6-12,5-11,4-14,14-37,12-19,2-8,14-28,0-2,6-8,3-12,4-11,4-8,4-12,5-3
27,Washington Wizards,26-56,15-26,11-30,18-34,8-22,10-8,5-13,3-13,3-7,3-7,2-8,17-33,9-23,5-12,11-31,2-1,3-9,5-10,6-10,5-6,1-16,4-4
28,Sacramento Kings,25-57,18-23,7-34,9-21,16-36,4-6,4-6,1-9,7-11,5-11,4-14,18-34,7-23,6-7,10-27,0-3,8-5,6-9,2-13,4-9,4-13,1-5
29,Minnesota Timberwolves,15-67,10-31,5-36,7-23,8-44,4-6,1-9,2-8,3-13,3-15,2-16,13-40,2-27,3-9,4-39,1-1,1-14,5-11,4-12,3-9,1-13,0-7
30,New Jersey Nets,12-70,8-33,4-37,8-44,4-26,3-13,3-15,2-16,0-10,2-8,2-8,4-48,8-22,1-7,5-44,0-3,0-14,3-12,1-13,2-11,4-12,2-5
Rk,Team,Overall,Home,Road,E,W,A,C,SE,NW,P,SW,Pre,Post,MOV_under_3,MOV_over_10,Oct,Nov,Dec,Jan,Feb,Mar,Apr
1,Chicago Bulls,62-20,36-5,26-15,39-13,23-7,10-8,15-1,14-4,7-3,7-3,9-1,38-16,24-4,9-5,31-5,1-1,8-5,12-4,12-4,8-3,13-3,8-0
2,San Antonio Spurs,61-21,36-5,25-16,23-7,38-14,6-4,9-1,8-2,14-4,14-4,10-6,46-10,15-11,7-4,32-9,1-1,14-1,13-2,12-3,9-3,8-8,4-3
3,Miami Heat,58-24,30-11,28-13,38-14,20-10,13-5,12-6,13-3,6-4,9-1,5-5,41-15,17-9,2-8,35-6,3-1,7-7,15-1,9-5,9-3,9-6,6-1
4,Dallas Mavericks,57-25,29-12,28-13,22-8,35-17,9-1,4-6,9-1,12-6,15-3,8-8,40-16,17-9,10-6,22-8,2-1,11-3,11-3,8-8,11-1,10-6,4-3
5,Los Angeles Lakers,57-25,30-11,27-14,21-9,36-16,9-1,6-4,6-4,12-6,12-4,12-6,38-19,19-6,4-4,30-9,3-0,10-5,10-5,10-5,9-4,12-1,3-5
6,Boston Celtics,56-26,33-8,23-18,37-15,19-11,13-3,13-5,11-7,8-2,7-3,4-6,40-14,16-12,8-8,30-7,2-1,11-3,11-3,12-4,7-4,9-7,4-4
7,Oklahoma City Thunder,55-27,30-11,25-16,22-8,33-19,6-4,8-2,8-2,13-3,12-6,8-10,35-19,20-8,10-5,22-8,2-1,10-5,11-5,7-6,6-5,14-2,5-3
8,Orlando Magic,52-30,29-12,23-18,36-16,16-14,12-6,13-5,11-5,4-6,7-3,5-5,36-21,16-9,6-7,33-9,1-1,12-3,8-8,10-6,7-4,9-6,5-2
9,Denver Nuggets,50-32,33-8,17-24,20-10,30-22,5-5,8-2,7-3,9-7,12-6,9-9,32-25,18-7,7-8,29-10,2-1,8-5,8-7,10-7,7-6,10-3,5-3
10,Portland Trail Blazers,48-34,30-11,18-23,18-12,30-22,5-5,8-2,5-5,10-6,10-8,10-8,32-24,16-10,7-4,19-15,3-0,5-9,9-7,8-6,8-4,10-6,5-2
11,Memphis Grizzlies,46-36,30-11,16-25,16-14,30-22,5-5,7-3,4-6,11-7,11-7,8-8,31-26,15-10,9-10,23-12,2-1,6-9,6-8,11-6,8-4,9-5,4-3
12,New Orleans Hornets,46-36,28-13,18-23,19-11,27-25,4-6,6-4,9-1,9-9,9-9,9-7,33-25,13-11,8-6,16-17,3-0,9-5,7-9,12-4,4-8,8-6,3-4
13,Atlanta Hawks,44-38,24-17,20-21,31-21,13-17,10-8,12-6,9-7,5-5,6-4,2-8,34-21,10-17,7-1,21-21,3-0,8-7,10-7,9-4,6-6,7-8,1-6
14,Houston Rockets,43-39,25-16,18-23,18-12,25-27,7-3,7-3,4-6,9-9,11-7,5-11,26-31,17-8,7-8,21-11,0-3,5-9,11-4,6-11,8-4,9-5,4-3
15,New York Knicks,42-40,23-18,19-22,28-24,14-16,10-6,8-10,10-8,5-5,4-6,5-5,28-26,14-14,4-5,18-14,1-2,9-7,8-5,7-8,5-5,7-11,5-2
16,Philadelphia 76ers,41-41,26-15,15-26,25-27,16-14,9-7,9-9,7-11,6-4,6-4,4-6,27-29,14-12,3-8,26-13,0-3,5-10,8-7,8-6,9-3,9-7,2-5
17,Phoenix Suns,40-42,23-18,17-24,17-13,23-29,6-4,7-3,4-6,9-9,9-7,5-13,27-27,13-15,7-6,15-18,1-2,7-7,6-8,8-7,9-3,5-11,4-4
18,Utah Jazz,39-43,21-20,18-23,18-12,21-31,5-5,7-3,6-4,7-9,9-9,5-13,31-26,8-17,6-4,16-24,1-2,13-3,8-6,7-9,3-9,4-10,3-4
19,Indiana Pacers,37-45,24-17,13-28,28-24,9-21,10-8,9-7,9-9,3-7,4-6,2-8,24-30,13-15,7-6,19-28,2-1,7-6,5-10,4-10,8-5,8-10,3-3
20,Golden State Warriors,36-46,26-15,10-31,15-15,21-31,5-5,6-4,4-6,11-7,5-11,5-13,26-29,10-17,4-4,14-24,2-1,6-9,5-9,7-8,6-5,6-12,4-2
21,Milwaukee Bucks,35-47,22-19,13-28,26-26,9-21,12-6,6-10,8-10,2-8,4-6,3-7,21-34,14-13,3-8,16-21,1-2,5-9,6-7,7-9,3-9,8-8,5-3
22,Charlotte Bobcats,34-48,21-20,13-28,22-30,12-18,11-7,7-11,4-12,4-6,6-4,2-8,24-32,10-16,11-7,9-24,0-3,6-8,5-9,9-7,6-6,6-9,2-6
23,Los Angeles Clippers,32-50,23-18,9-32,13-17,19-33,3-7,5-5,5-5,7-11,7-9,5-13,21-35,11-15,4-5,9-24,0-3,3-12,7-8,9-5,2-12,8-6,3-4
24,Detroit Pistons,30-52,21-20,9-32,22-30,8-22,9-9,7-9,6-12,1-9,5-5,2-8,21-36,9-16,3-7,13-27,0-3,6-9,5-10,6-9,5-8,4-9,4-4
25,New Jersey Nets,24-58,19-22,5-36,13-39,11-19,3-13,6-12,4-14,4-6,4-6,3-7,17-40,7-18,7-7,4-34,2-1,4-11,3-12,6-10,2-9,6-8,1-7
26,Sacramento Kings,24-58,11-30,13-28,9-21,15-37,4-6,3-7,2-8,5-13,7-9,3-15,13-40,11-18,8-8,7-23,2-1,2-11,2-11,6-10,3-10,6-10,3-5
27,Washington Wizards,23-59,20-21,3-38,16-36,7-23,8-10,5-13,3-13,4-6,1-9,2-8,15-39,8-20,8-2,7-36,0-2,5-9,3-12,5-11,2-10,3-12,5-3
28,Toronto Raptors,22-60,16-25,6-35,14-38,8-22,5-11,5-13,4-14,3-7,2-8,3-7,15-41,7-19,2-7,8-30,1-1,5-10,5-10,2-15,3-8,4-10,2-6
29,Cleveland Cavaliers,19-63,12-29,7-34,15-37,4-26,8-10,3-13,4-14,0-10,3-7,1-9,10-46,9-17,2-5,2-38,1-2,6-8,1-14,0-16,3-8,4-11,4-4
30,Minnesota Timberwolves,17-65,12-29,5-36,10-20,7-45,3-7,6-4,1-9,1-15,3-15,3-15,13-43,4-22,3-10,11-33,1-2,3-11,4-12,3-11,3-10,3-12,0-7
Rk,Team,Overall,Home,Road,E,W,A,C,SE,NW,P,SW,Pre,Post,MOV_under_3,MOV_over_10,Dec,Jan,Feb,Mar,Apr
1,Chicago Bulls,50-16,26-7,24-9,38-10,12-6,13-4,13-1,12-5,2-3,5-1,5-2,27-8,23-8,5-2,31-8,3-1,15-4,11-3,13-3,8-5
2,San Antonio Spurs,50-16,28-5,22-11,15-3,35-13,6-0,4-2,5-1,10-6,13-3,12-4,24-10,26-6,5-4,31-7,3-1,10-8,11-2,12-3,14-2
3,Oklahoma City Thunder,47-19,26-7,21-12,13-5,34-14,6-0,3-2,4-3,10-3,12-5,12-6,27-7,20-12,5-4,27-5,5-0,11-4,12-3,11-5,8-7
4,Miami Heat,46-20,28-5,18-15,35-13,11-7,14-3,12-5,9-5,3-3,3-3,5-1,27-7,19-13,6-2,29-10,4-0,12-5,11-2,10-6,9-7
5,Indiana Pacers,42-24,23-10,19-14,29-19,13-5,11-7,9-4,9-8,5-1,4-2,4-2,21-12,21-12,4-3,21-12,3-1,11-5,8-6,8-9,12-3
6,Los Angeles Lakers,41-25,26-7,15-18,9-9,32-16,5-2,1-4,3-3,12-6,9-5,11-5,20-14,21-11,10-4,11-10,3-2,10-7,8-5,11-6,9-5
7,Memphis Grizzlies,41-25,26-7,15-18,15-3,26-22,4-2,6-1,5-0,10-7,9-7,7-8,19-15,22-10,6-2,16-10,1-2,10-8,9-5,8-7,13-3
8,Atlanta Hawks,40-26,23-10,17-16,31-17,9-9,9-8,11-6,11-3,4-2,3-4,2-3,20-14,20-12,6-8,17-13,3-1,13-5,4-9,11-8,9-3
9,Los Angeles Clippers,40-26,24-9,16-17,11-7,29-19,3-3,2-3,6-1,12-7,7-7,10-5,20-11,20-15,7-6,17-7,1-2,11-4,8-6,11-9,9-5
10,Boston Celtics,39-27,24-9,15-18,32-16,7-11,8-6,9-8,15-2,3-3,2-4,2-4,15-17,24-10,6-5,19-11,1-3,9-7,7-7,12-5,10-5
11,Denver Nuggets,38-28,20-13,18-15,16-2,22-26,5-1,5-1,6-0,6-7,9-8,7-11,18-17,20-11,6-6,18-11,2-2,12-5,5-10,9-7,10-4
12,Orlando Magic,37-29,21-12,16-17,30-18,7-11,10-6,12-5,8-7,2-5,4-1,1-5,22-13,15-16,2-5,18-16,3-1,9-8,11-4,9-7,5-9
13,Dallas Mavericks,36-30,23-10,13-20,10-8,26-22,5-2,2-3,3-3,10-8,8-9,8-5,21-13,15-17,7-8,16-15,1-3,13-5,7-7,9-8,6-7
14,New York Knicks,36-30,22-11,14-19,28-20,8-10,8-6,10-8,10-6,3-2,4-3,1-5,17-18,19-12,7-3,19-15,2-2,6-11,10-5,9-8,9-4
15,Utah Jazz,36-30,25-8,11-22,11-7,25-23,3-4,4-2,4-1,9-4,9-9,7-10,15-17,21-13,7-6,15-14,1-3,11-4,4-11,11-8,9-4
16,Philadelphia 76ers,35-31,19-14,16-17,28-20,7-11,7-6,11-6,10-8,1-5,5-1,1-5,20-14,15-17,1-4,28-12,2-2,13-4,6-9,8-8,6-8
17,Houston Rockets,34-32,22-11,12-21,11-7,23-25,4-2,2-3,5-2,8-10,9-7,6-8,20-14,14-18,8-5,13-13,2-2,10-7,9-6,7-9,6-8
18,Phoenix Suns,33-33,19-14,14-19,10-8,23-25,2-3,5-2,3-3,6-9,9-5,8-11,14-20,19-13,8-5,14-19,1-3,6-10,7-7,11-6,8-7
19,Milwaukee Bucks,31-35,17-16,14-19,24-24,7-11,9-7,7-8,8-9,3-4,2-4,2-3,13-20,18-15,4-6,13-12,2-1,7-10,5-10,10-7,7-7
20,Portland Trail Blazers,28-38,20-13,8-25,8-10,20-28,3-2,2-4,3-4,4-10,8-10,8-8,18-16,10-22,3-11,17-17,3-0,9-9,6-8,6-11,4-10
21,Minnesota Timberwolves,26-40,13-20,13-20,7-11,19-29,2-3,2-5,3-3,4-9,7-11,8-9,17-17,9-23,7-7,13-16,0-3,10-8,8-7,7-10,1-12
22,Detroit Pistons,25-41,18-15,7-26,20-28,5-13,7-9,4-11,9-8,1-5,3-3,1-5,11-24,14-17,7-4,12-27,1-3,3-16,8-6,7-8,6-8
23,Golden State Warriors,23-43,12-21,11-22,7-11,16-32,1-6,3-3,3-2,6-11,7-8,3-13,13-17,10-26,5-12,7-16,2-2,5-10,7-6,6-12,3-13
24,Toronto Raptors,23-43,13-20,10-23,15-33,8-10,7-8,4-12,4-13,3-3,2-3,3-4,10-23,13-20,1-7,12-21,1-2,6-13,4-9,6-11,6-8
25,New Jersey Nets,22-44,9-24,13-20,16-32,6-12,5-9,5-12,6-11,0-6,5-2,1-4,10-25,12-19,6-2,8-26,1-3,6-12,4-10,8-10,3-9
26,Sacramento Kings,22-44,16-17,6-27,6-12,16-32,2-4,2-5,2-3,7-12,3-10,6-10,11-22,11-22,6-7,6-24,1-3,5-12,6-7,6-12,4-10
27,Cleveland Cavaliers,21-45,11-22,10-23,13-35,8-10,6-12,3-12,4-11,3-3,3-3,2-4,13-18,8-27,5-6,9-26,1-2,7-10,5-8,4-13,4-12
28,New Orleans Hornets,21-45,11-22,10-23,7-11,14-34,3-2,2-5,2-4,6-11,5-12,3-11,8-25,13-20,4-9,6-19,2-1,2-16,4-10,5-12,8-6
29,Washington Wizards,20-46,11-22,9-24,16-32,4-14,4-14,5-11,7-7,2-4,1-5,1-5,7-26,13-20,6-5,11-26,0-3,4-14,3-11,5-11,8-7
30,Charlotte Bobcats,7-59,4-29,3-30,5-43,2-16,3-14,1-15,1-14,0-6,1-4,1-6,4-28,3-31,2-4,2-38,1-2,2-17,1-10,3-14,0-16
Rk,Team,Overall,Home,Road,E,W,A,C,SE,NW,P,SW,Pre,Post,MOV_under_3,MOV_over_10,Oct,Nov,Dec,Jan,Feb,Mar,Apr
1,Miami Heat,66-16,37-4,29-12,41-11,25-5,14-4,12-6,15-1,8-2,8-2,9-1,36-14,30-2,9-3,39-8,1-0,10-3,10-5,8-5,12-1,17-1,8-1
2,Oklahoma City Thunder,60-22,34-7,26-15,21-9,39-13,7-3,8-2,6-4,10-6,16-2,13-5,39-14,21-8,3-6,44-6,,13-4,11-2,11-5,7-4,12-5,6-2
3,San Antonio Spurs,58-24,35-6,23-18,25-5,33-19,8-2,9-1,8-2,9-9,12-6,12-4,42-12,16-12,9-5,31-10,1-0,12-4,12-4,12-3,8-3,10-4,3-6
4,Denver Nuggets,57-25,38-3,19-22,19-11,38-14,5-5,10-0,4-6,11-5,14-4,13-5,33-21,24-4,11-7,28-8,0-1,8-8,9-6,12-3,8-4,13-2,7-1
5,Los Angeles Clippers,56-26,32-9,24-17,21-9,35-17,7-3,8-2,6-4,12-6,11-5,12-6,39-17,17-9,3-5,38-12,1-0,8-6,16-0,9-7,8-5,7-7,7-1
6,Memphis Grizzlies,56-26,32-9,24-17,22-8,34-18,8-2,8-2,6-4,12-6,12-6,10-6,33-18,23-8,6-4,28-9,0-1,12-1,7-7,10-7,9-2,11-6,7-2
7,New York Knicks,54-28,31-10,23-18,37-15,17-13,10-6,12-6,15-3,6-4,5-5,6-4,32-18,22-10,7-5,31-12,,11-4,10-5,7-6,6-5,12-6,8-2
8,Brooklyn Nets,49-33,26-15,23-18,36-16,13-17,11-5,13-5,12-6,5-5,5-5,3-7,31-22,18-11,9-4,23-17,,11-4,5-11,11-4,7-5,8-7,7-2
9,Indiana Pacers,49-32,30-11,19-21,31-20,18-12,6-11,13-3,12-6,3-7,7-3,8-2,32-21,17-11,4-9,27-14,1-0,7-8,10-5,9-6,9-3,11-5,2-5
10,Golden State Warriors,47-35,28-13,19-22,19-11,28-24,7-3,5-5,7-3,10-8,9-7,9-9,30-22,17-13,5-3,20-18,1-0,8-6,12-4,8-7,4-8,9-7,5-3
11,Chicago Bulls,45-37,24-17,21-20,34-18,11-19,13-5,9-7,12-6,4-6,5-5,2-8,30-22,15-15,11-7,16-16,1-0,6-7,9-6,12-4,5-8,7-7,5-5
12,Houston Rockets,45-37,29-12,16-25,21-9,24-28,7-3,7-3,7-3,8-10,10-8,6-10,29-26,16-11,5-5,26-13,1-0,6-8,10-6,8-9,6-5,9-5,5-4
13,Los Angeles Lakers,45-37,29-12,16-25,17-13,28-24,6-4,6-4,5-5,9-9,8-8,11-7,25-29,20-8,8-5,18-17,0-2,8-6,7-7,5-11,9-4,9-6,7-1
14,Atlanta Hawks,44-38,25-16,19-22,29-23,15-15,7-11,11-7,11-5,6-4,5-5,4-6,29-22,15-16,5-5,19-20,,9-5,10-5,7-9,7-4,8-10,3-5
15,Utah Jazz,43-39,30-11,13-28,17-13,26-26,5-5,5-5,7-3,9-7,9-9,8-10,30-24,13-15,5-7,19-21,1-0,8-8,6-9,10-4,6-6,7-9,5-3
16,Boston Celtics,41-40,27-13,14-27,27-24,14-16,7-9,8-9,12-6,6-4,6-4,2-8,28-24,13-16,8-7,18-23,0-1,9-6,5-9,8-7,8-4,8-8,3-5
17,Dallas Mavericks,41-41,24-17,17-24,17-13,24-28,5-5,6-4,6-4,7-11,10-8,7-9,23-29,18-12,5-8,17-19,1-1,6-8,5-10,7-8,6-5,11-5,5-4
18,Milwaukee Bucks,38-44,21-20,17-24,24-28,14-16,11-7,7-9,6-12,4-6,7-3,3-7,26-25,12-19,7-5,13-25,,7-7,9-6,8-7,4-8,7-9,3-7
19,Philadelphia 76ers,34-48,23-18,11-30,22-30,12-18,7-9,7-11,8-10,3-7,5-5,4-6,22-29,12-19,4-5,13-24,1-0,9-6,4-11,5-9,3-8,8-9,4-5
20,Toronto Raptors,34-48,21-20,13-28,22-30,12-18,5-11,8-10,9-9,4-6,4-6,4-6,21-32,13-16,8-8,16-22,0-1,4-12,7-7,5-10,7-5,4-11,7-2
21,Portland Trail Blazers,33-49,22-19,11-30,15-15,18-34,5-5,5-5,5-5,6-10,5-13,7-11,25-28,8-21,9-6,13-24,1-0,5-10,9-4,8-8,3-9,7-9,0-9
22,Minnesota Timberwolves,31-51,20-21,11-30,14-16,17-35,4-6,7-3,3-7,4-12,5-13,8-10,19-31,12-20,3-10,15-26,,7-8,7-5,3-12,3-10,6-11,5-5
23,Detroit Pistons,29-53,18-23,11-30,25-27,4-26,6-12,8-8,11-7,1-9,2-8,1-9,21-33,8-20,6-10,15-29,0-1,5-11,6-10,6-7,6-8,1-13,5-3
24,Washington Wizards,29-53,22-19,7-34,15-37,14-16,5-13,5-13,5-11,6-4,4-6,4-6,15-36,14-17,6-9,13-17,0-1,1-12,3-11,7-9,7-5,9-8,2-7
25,Sacramento Kings,28-54,20-21,8-33,14-16,14-38,4-6,4-6,6-4,5-13,7-9,2-16,19-35,9-19,7-3,12-31,0-1,4-10,7-8,6-11,3-9,7-8,1-7
26,New Orleans Hornets,27-55,16-25,11-30,12-18,15-37,3-7,5-5,4-6,5-13,5-13,5-11,19-34,8-21,7-5,10-27,0-1,4-9,3-13,8-8,5-8,6-9,1-7
27,Phoenix Suns,25-57,17-24,8-33,8-22,17-35,1-9,4-6,3-7,5-13,5-11,7-11,17-36,8-21,6-8,10-31,0-1,7-9,4-11,5-9,4-9,3-12,2-6
28,Cleveland Cavaliers,24-58,14-27,10-31,18-34,6-24,5-13,3-13,10-8,3-7,2-8,1-9,16-37,8-21,6-11,7-27,1-0,3-12,3-13,6-8,7-5,2-12,2-8
29,Charlotte Bobcats,21-61,15-26,6-35,18-34,3-27,6-12,6-12,6-10,2-8,0-10,1-9,12-40,9-21,6-6,6-37,,7-8,1-15,3-11,2-10,4-12,4-5
30,Orlando Magic,20-62,12-29,8-33,10-42,10-20,2-16,5-13,3-13,3-7,6-4,1-9,15-37,5-25,2-9,8-30,,5-10,7-9,2-12,2-11,3-13,1-7
Rk,Team,Overall,Home,Road,E,W,A,C,SE,NW,P,SW,Pre,Post,MOV_under_3,MOV_over_10,Oct,Nov,Dec,Jan,Feb,Mar,Apr
1,San Antonio Spurs,62-20,32-9,30-11,24-6,38-14,8-2,7-3,9-1,11-7,15-3,12-4,38-15,24-5,7-0,35-12,1-0,13-3,11-4,8-6,9-3,16-0,4-4
2,Oklahoma City Thunder,59-23,34-7,25-16,23-7,36-16,8-2,8-2,7-3,11-5,12-6,13-5,43-12,16-11,10-4,33-8,1-0,10-3,14-3,13-4,6-5,10-4,5-4
3,Los Angeles Clippers,57-25,34-7,23-18,21-9,36-16,9-1,7-3,5-5,12-6,12-4,12-6,37-18,20-7,4-3,30-9,1-1,11-4,9-7,12-4,7-4,13-2,4-3
4,Indiana Pacers,56-26,35-6,21-20,38-14,18-12,15-3,12-4,11-7,6-4,7-3,5-5,40-12,16-14,4-3,29-17,2-0,13-1,10-4,10-5,9-3,8-10,4-3
5,Houston Rockets,54-28,33-8,21-20,23-7,31-21,7-3,8-2,8-2,11-7,9-9,11-5,36-17,18-11,7-6,30-9,1-0,12-5,8-8,10-4,8-2,10-4,5-5
6,Miami Heat,54-28,32-9,22-19,34-18,20-10,9-9,13-5,12-4,6-4,8-2,6-4,37-14,17-14,8-7,29-10,1-1,12-2,11-4,8-6,9-1,10-8,3-6
7,Portland Trail Blazers,54-28,31-10,23-18,23-7,31-21,9-1,9-1,5-5,13-3,10-8,8-10,36-17,18-11,8-9,24-13,0-1,13-2,12-4,8-6,7-5,8-9,6-1
8,Golden State Warriors,51-31,27-14,24-17,20-10,31-21,7-3,7-3,6-4,11-7,11-5,9-9,31-22,20-9,11-8,28-9,1-1,8-7,11-5,9-6,7-4,9-5,6-3
9,Memphis Grizzlies,50-32,27-14,23-18,21-9,29-23,6-4,7-3,8-2,11-7,14-4,4-12,29-23,21-9,10-4,18-13,0-1,8-7,5-9,12-3,7-5,12-5,6-2
10,Dallas Mavericks,49-33,26-15,23-18,20-10,29-23,5-5,9-1,6-4,10-8,10-8,9-7,32-22,17-11,11-11,23-10,1-0,9-8,8-5,9-8,9-3,8-6,5-3
11,Chicago Bulls,48-34,27-14,21-20,35-17,13-17,12-6,11-5,12-6,3-7,6-4,4-6,27-25,21-9,6-5,27-19,1-1,6-7,5-10,11-4,9-4,10-6,6-2
12,Toronto Raptors,48-34,26-15,22-19,32-20,16-14,11-5,13-5,8-10,6-4,3-7,7-3,28-24,20-10,3-8,24-6,1-0,5-9,8-6,11-6,7-5,10-6,6-2
13,Phoenix Suns,48-34,26-15,22-19,20-10,28-24,7-3,6-4,7-3,13-5,8-8,7-11,30-21,18-13,2-9,19-7,1-0,8-8,10-3,9-7,6-6,10-6,4-4
14,Brooklyn Nets,44-38,28-13,16-25,26-26,18-12,9-7,7-11,10-8,5-5,6-4,7-3,24-27,20-11,8-3,17-20,0-1,5-11,5-9,10-3,7-5,12-4,5-5
15,Washington Wizards,44-38,22-19,22-19,33-19,11-19,13-5,10-8,10-6,4-6,5-5,2-8,25-27,19-11,5-9,19-14,0-1,8-8,6-5,8-9,8-5,8-8,6-2
16,Charlotte Bobcats,43-39,25-16,18-23,30-22,13-17,11-7,13-5,6-10,4-6,6-4,3-7,23-30,20-9,8-8,18-19,0-1,8-8,6-9,7-9,6-4,9-7,7-1
17,Minnesota Timberwolves,40-42,24-17,16-25,17-13,23-29,5-5,7-3,5-5,7-9,7-11,9-9,25-28,15-14,5-6,26-18,1-0,8-9,6-7,8-7,5-6,8-8,4-5
18,Atlanta Hawks,38-44,24-17,14-27,28-24,10-20,10-8,10-8,8-8,4-6,4-6,2-8,25-26,13-18,8-9,15-16,0-1,9-8,9-5,6-7,2-10,6-10,6-3
19,New York Knicks,37-45,19-22,18-23,26-26,11-19,10-6,9-9,7-11,4-6,4-6,3-7,20-32,17-13,3-8,19-22,1-1,2-11,6-9,10-6,2-11,11-5,5-2
20,Denver Nuggets,36-46,22-19,14-27,16-14,20-32,5-5,5-5,6-4,5-11,8-10,7-11,24-27,12-19,8-5,16-24,0-1,9-5,5-10,8-7,3-9,7-10,4-4
21,New Orleans Pelicans,34-48,22-19,12-29,19-11,15-37,6-4,8-2,5-5,7-11,4-14,4-12,23-29,11-19,7-8,10-21,0-1,7-7,7-7,5-11,4-9,9-7,2-6
22,Cleveland Cavaliers,33-49,19-22,14-27,21-31,12-18,8-10,7-9,6-12,6-4,5-5,1-9,20-33,13-16,7-5,13-27,1-0,4-12,5-9,6-9,8-6,6-9,3-4
23,Detroit Pistons,29-53,17-24,12-29,23-29,6-24,11-7,6-10,6-12,2-8,3-7,1-9,22-30,7-23,2-6,16-25,1-0,5-10,8-9,4-8,5-8,4-12,2-6
24,Sacramento Kings,28-54,17-24,11-30,13-17,15-37,5-5,4-6,4-6,6-12,3-13,6-12,18-35,10-19,4-9,12-26,1-0,3-10,6-10,5-11,5-7,6-10,2-6
25,Los Angeles Lakers,27-55,14-27,13-28,12-18,15-37,6-4,3-7,3-7,5-13,6-10,4-14,18-35,9-20,5-5,12-33,1-1,8-7,4-11,3-12,4-8,5-9,2-7
26,Boston Celtics,25-57,16-25,9-32,21-31,4-26,5-11,6-12,10-8,3-7,1-9,0-10,19-35,6-22,5-9,9-23,0-1,7-11,6-6,2-15,5-6,3-12,2-6
27,Utah Jazz,25-57,16-25,9-32,12-18,13-39,3-7,3-7,6-4,4-12,6-12,3-15,19-33,6-24,5-4,9-39,0-1,3-14,7-9,6-6,5-7,2-15,2-5
28,Orlando Magic,23-59,19-22,4-37,17-35,6-24,7-11,6-12,4-12,3-7,2-8,1-9,16-38,7-21,5-7,10-30,0-2,6-8,4-11,3-14,5-7,3-11,2-6
29,Philadelphia 76ers,19-63,10-31,9-32,14-38,5-25,5-11,4-14,5-13,2-8,2-8,1-9,15-39,4-24,6-3,4-46,1-0,5-11,3-10,6-11,0-11,1-15,3-5
30,Milwaukee Bucks,15-67,10-31,5-36,12-40,3-27,5-13,4-12,3-15,1-9,2-8,0-10,9-43,6-24,4-5,4-33,0-1,3-12,4-11,1-14,3-8,3-14,1-7
Rk,Team,Overall,Home,Road,E,W,A,C,SE,NW,P,SW,Pre,Post,MOV_under_3,MOV_over_10,Oct,Nov,Dec,Jan,Feb,Mar,Apr
1,Golden State Warriors,67-15,39-2,28-13,25-5,42-10,9-1,7-3,9-1,15-3,13-3,14-4,42-9,25-6,5-3,45-9,1-0,13-2,11-3,12-3,8-3,16-2,6-2
2,Atlanta Hawks,60-22,35-6,25-16,38-14,22-8,12-6,14-4,12-4,8-2,8-2,6-4,43-11,17-11,6-4,30-10,0-1,9-5,14-2,17-0,7-4,9-7,4-3
3,Houston Rockets,56-26,30-11,26-15,23-7,33-19,9-1,8-2,6-4,15-3,10-8,8-8,36-17,20-9,8-4,31-14,2-0,11-4,9-5,11-6,7-3,10-6,6-2
4,Los Angeles Clippers,56-26,30-11,26-15,19-11,37-15,7-3,6-4,6-4,15-3,12-4,10-8,35-19,21-7,3-5,33-9,2-0,9-5,11-6,11-4,5-6,11-5,7-0
5,Memphis Grizzlies,55-27,31-10,24-17,20-10,35-17,8-2,5-5,7-3,13-5,13-5,9-7,39-14,16-13,9-3,26-13,2-0,13-2,8-6,12-4,7-4,9-8,4-3
6,San Antonio Spurs,55-27,33-8,22-19,23-7,32-20,7-3,7-3,9-1,12-6,12-6,8-8,34-19,21-8,6-7,34-7,1-1,11-3,8-10,10-4,6-5,12-3,7-1
7,Cleveland Cavaliers,53-29,31-10,22-19,35-17,18-12,12-6,11-5,12-6,6-4,7-3,5-5,33-22,20-7,6-4,30-14,1-1,7-6,10-7,11-6,8-3,11-4,5-2
8,Portland Trail Blazers,51-31,32-9,19-22,20-10,31-21,8-2,7-3,5-5,11-5,10-8,10-8,36-17,15-14,5-1,30-11,1-1,12-3,13-3,6-9,6-3,10-6,3-6
9,Chicago Bulls,50-32,27-14,23-18,33-19,17-13,16-2,8-8,9-9,6-4,5-5,6-4,34-20,16-12,7-2,20-16,1-1,10-5,11-4,8-9,7-3,8-7,5-3
10,Dallas Mavericks,50-32,27-14,23-18,21-9,29-23,9-1,5-5,7-3,13-5,9-9,7-9,36-19,14-13,5-4,22-18,1-1,12-4,10-5,9-7,7-5,6-7,5-3
11,Toronto Raptors,49-33,27-14,22-19,33-19,16-14,11-5,8-10,14-4,7-3,6-4,3-7,36-17,13-16,6-5,29-11,1-0,12-4,11-4,9-7,4-7,7-8,5-3
12,Washington Wizards,46-36,29-12,17-24,30-22,16-14,11-7,9-9,10-6,6-4,4-6,6-4,33-21,13-15,9-4,21-14,1-1,9-4,12-4,9-8,3-9,7-7,5-3
13,New Orleans Pelicans,45-37,28-13,17-24,16-14,29-23,6-4,5-5,5-5,10-8,11-7,8-8,27-26,18-11,10-4,19-14,1-0,6-8,9-8,9-6,6-5,8-7,6-3
14,Oklahoma City Thunder,45-37,29-12,16-25,20-10,25-27,6-4,5-5,9-1,10-6,11-7,4-14,28-25,17-12,4-8,26-14,0-2,5-10,11-5,7-7,9-3,10-5,3-5
15,Milwaukee Bucks,41-41,23-18,18-23,30-22,11-19,14-4,7-9,9-9,5-5,5-5,1-9,30-23,11-18,5-9,17-16,1-1,9-7,7-8,8-6,7-5,4-11,5-3
16,Boston Celtics,40-42,21-20,19-22,28-24,12-18,12-4,9-9,7-11,6-4,3-7,3-7,20-31,20-11,8-6,17-14,1-0,3-10,7-8,5-11,7-4,10-8,7-1
17,Phoenix Suns,39-43,22-19,17-24,18-12,21-31,8-2,6-4,4-6,9-9,6-10,6-12,29-25,10-18,4-12,14-19,2-0,8-8,8-8,10-5,3-8,7-8,1-6
18,Brooklyn Nets,38-44,19-22,19-22,24-28,14-16,10-6,7-11,7-11,6-4,6-4,2-8,21-31,17-13,10-2,15-23,0-1,6-8,9-7,3-12,6-5,9-7,5-4
19,Indiana Pacers,38-44,23-18,15-26,28-24,10-20,9-9,8-8,11-7,4-6,2-8,4-6,21-33,17-11,4-12,19-20,1-1,6-9,5-11,5-11,7-2,8-8,6-2
20,Utah Jazz,38-44,21-20,17-24,15-15,23-29,6-4,6-4,3-7,9-7,7-11,7-11,19-34,19-10,5-10,18-19,0-2,5-10,6-9,6-9,6-5,10-6,5-3
21,Miami Heat,37-45,20-21,17-24,25-27,12-18,14-4,5-13,6-10,4-6,7-3,1-9,22-30,15-15,4-10,15-28,1-0,8-7,5-12,6-7,5-7,9-7,3-5
22,Charlotte Hornets,33-49,19-22,14-27,25-27,8-22,10-8,7-11,8-8,5-5,2-8,1-9,22-30,11-19,6-8,13-22,1-0,3-14,6-9,10-4,3-6,8-9,2-7
23,Detroit Pistons,32-50,18-23,14-27,23-29,9-21,8-10,6-10,9-9,2-8,3-7,4-6,21-33,11-17,7-6,19-25,0-2,3-12,5-9,10-7,5-6,6-9,3-5
24,Denver Nuggets,30-52,19-22,11-30,11-19,19-33,1-9,6-4,4-6,6-10,8-10,5-13,20-33,10-19,4-4,17-28,1-0,7-8,5-11,6-10,1-9,8-8,2-6
25,Sacramento Kings,29-53,18-23,11-30,11-19,18-34,4-6,4-6,3-7,8-10,7-9,3-15,18-34,11-19,6-4,12-28,1-1,8-7,4-11,4-10,3-7,6-11,3-6
26,Orlando Magic,25-57,13-28,12-29,15-37,10-20,6-12,5-13,4-12,4-6,4-6,2-8,17-39,8-18,6-8,4-27,0-2,7-10,6-10,2-13,4-6,3-11,3-5
27,Los Angeles Lakers,21-61,12-29,9-32,12-18,9-43,4-6,5-5,3-7,5-13,2-14,2-16,13-40,8-21,6-6,5-30,0-3,4-10,6-9,3-12,3-7,4-12,1-8
28,Philadelphia 76ers,18-64,12-29,6-35,12-40,6-24,2-14,5-13,5-13,4-6,1-9,1-9,12-41,6-23,3-7,5-41,0-2,0-14,4-10,6-12,3-7,5-12,0-7
29,New York Knicks,17-65,10-31,7-34,11-41,6-24,5-11,2-16,4-14,2-8,2-8,2-8,10-43,7-22,2-7,3-39,1-1,3-13,1-15,4-9,3-8,2-14,3-5
30,Minnesota Timberwolves,16-66,9-32,7-34,9-21,7-45,4-6,3-7,2-8,4-12,2-16,1-17,11-42,5-24,6-6,4-40,1-1,3-10,1-14,3-14,5-6,3-13,0-8
Rk,Team,Overall,Home,Road,E,W,A,C,SE,NW,P,SW,Pre,Post,MOV_under_3,MOV_over_10,Oct,Nov,Dec,Jan,Feb,Mar,Apr
1,Golden State Warriors,73-9,39-2,34-7,27-3,46-6,9-1,8-2,10-0,15-3,15-1,16-2,48-4,25-5,7-2,44-5,3-0,16-0,11-2,14-2,9-1,15-2,5-2
2,San Antonio Spurs,67-15,40-1,27-14,24-6,43-9,9-1,7-3,8-2,15-3,14-4,14-2,45-8,22-7,4-4,44-6,1-1,13-3,14-2,11-2,11-1,13-3,4-3
3,Cleveland Cavaliers,57-25,33-8,24-17,35-17,22-8,14-4,8-8,13-5,8-2,8-2,6-4,38-14,19-11,4-7,32-8,2-1,11-3,8-5,13-3,8-5,11-5,4-3
4,Toronto Raptors,56-26,32-9,24-17,39-13,17-13,14-2,11-7,14-4,5-5,5-5,7-3,35-17,21-9,6-6,28-10,2-0,9-7,9-6,12-2,7-4,11-5,6-2
5,Oklahoma City Thunder,55-27,32-9,23-18,18-12,37-15,6-4,4-6,8-2,13-3,12-6,12-6,40-14,15-13,8-6,33-5,2-0,9-7,12-3,13-3,6-5,11-5,2-4
6,Los Angeles Clippers,53-29,29-12,24-17,22-8,31-21,7-3,6-4,9-1,11-7,9-7,11-7,35-18,18-11,8-4,28-15,3-0,7-8,11-5,11-3,7-4,8-8,6-1
7,Atlanta Hawks,48-34,27-14,21-20,29-23,19-11,11-7,10-8,8-8,6-4,5-5,8-2,31-24,17-10,5-7,29-17,2-1,10-7,9-5,6-9,6-5,12-4,3-3
8,Boston Celtics,48-34,28-13,20-21,31-21,17-13,10-6,9-9,12-6,6-4,7-3,4-6,32-23,16-11,5-7,26-13,1-1,9-7,8-6,9-8,9-3,7-7,5-2
9,Charlotte Hornets,48-34,30-11,18-23,33-19,15-15,13-5,12-6,8-8,4-6,5-5,6-4,27-26,21-8,6-5,25-17,0-2,10-5,7-7,6-11,7-3,13-3,5-3
10,Miami Heat,48-34,28-13,20-21,31-21,17-13,10-8,11-7,10-6,6-4,5-5,6-4,29-24,19-10,7-5,24-20,1-1,9-5,8-7,9-8,6-5,10-5,5-3
11,Indiana Pacers,45-37,26-15,19-22,30-22,15-15,13-5,8-8,9-9,4-6,5-5,6-4,28-25,17-12,9-9,21-13,0-3,11-2,7-9,7-8,6-7,8-7,6-1
12,Detroit Pistons,44-38,26-15,18-23,29-23,15-15,11-7,10-6,8-10,7-3,5-5,3-7,27-27,17-11,6-5,21-20,3-0,6-9,9-6,7-8,6-6,9-6,4-3
13,Portland Trail Blazers,44-38,28-13,16-25,15-15,29-23,5-5,5-5,5-5,11-5,10-8,8-10,27-27,17-11,2-7,23-21,1-2,6-9,7-10,9-5,9-2,8-8,4-2
14,Dallas Mavericks,42-40,23-18,19-22,15-15,27-25,8-2,4-6,3-7,11-7,9-9,7-9,29-26,13-14,6-11,19-18,1-1,9-7,9-5,9-9,4-6,5-10,5-2
15,Memphis Grizzlies,42-40,26-15,16-25,17-13,25-27,7-3,7-3,3-7,9-9,9-9,7-9,31-22,11-18,8-3,15-23,2-1,8-7,8-8,10-4,7-4,6-10,1-6
16,Chicago Bulls,42-40,26-15,16-25,25-27,17-13,12-6,10-6,3-15,5-5,6-4,6-4,27-25,15-15,10-4,14-19,2-1,8-4,8-7,8-8,4-8,8-9,4-3
17,Houston Rockets,41-41,23-18,18-23,13-17,28-24,6-4,3-7,4-6,9-9,11-7,8-8,27-28,14-13,5-8,14-18,0-2,7-9,9-7,9-7,4-6,8-8,4-2
18,Washington Wizards,41-41,22-19,19-22,30-22,11-19,9-9,11-7,10-6,2-8,4-6,5-5,23-28,18-13,7-6,22-22,2-1,4-7,8-8,7-8,8-6,7-9,5-2
19,Utah Jazz,40-42,24-17,16-25,16-14,24-28,6-4,6-4,4-6,8-8,9-9,7-11,26-26,14-16,6-8,23-13,2-1,6-7,6-9,7-8,7-6,9-7,3-4
20,Orlando Magic,35-47,23-18,12-29,21-31,14-16,12-6,5-13,4-12,7-3,2-8,5-5,23-29,12-18,6-10,12-20,0-2,9-6,10-5,2-12,5-7,6-11,3-4
21,Denver Nuggets,33-49,18-23,15-26,15-15,18-34,6-4,5-5,4-6,4-12,7-11,7-11,22-32,11-17,10-5,11-21,1-1,5-11,6-9,6-9,5-7,9-8,1-4
22,Milwaukee Bucks,33-49,23-18,10-31,21-31,12-18,9-9,4-12,8-10,4-6,4-6,4-6,22-32,11-17,6-4,12-27,0-2,7-9,6-10,7-8,5-6,6-9,2-5
23,Sacramento Kings,33-49,18-23,15-26,14-16,19-33,6-4,5-5,3-7,7-11,8-8,4-14,22-31,11-18,8-4,11-19,1-2,6-10,5-8,8-7,4-7,6-11,3-4
24,New York Knicks,32-50,18-23,14-27,21-31,11-19,8-8,7-11,6-12,5-5,4-6,2-8,23-32,9-18,4-7,14-23,2-1,6-9,7-8,8-9,2-9,5-10,2-4
25,New Orleans Pelicans,30-52,21-20,9-32,10-20,20-32,4-6,4-6,2-8,8-10,8-10,4-12,20-33,10-19,5-5,11-23,0-3,4-10,6-9,8-6,5-7,5-12,2-5
26,Minnesota Timberwolves,29-53,14-27,15-26,11-19,18-34,5-5,2-8,4-6,4-12,10-8,4-14,17-37,12-16,7-7,9-23,2-0,6-9,4-12,2-14,5-6,6-9,4-3
27,Phoenix Suns,23-59,14-27,9-32,6-24,17-35,1-9,1-9,4-6,6-12,6-10,5-13,14-40,9-19,4-5,10-32,2-1,6-8,4-14,2-12,1-9,5-11,3-4
28,Brooklyn Nets,21-61,14-27,7-34,12-40,9-21,6-10,4-14,2-16,4-6,3-7,2-8,14-40,7-21,7-4,6-34,0-3,4-10,5-10,3-13,5-7,4-11,0-7
29,Los Angeles Lakers,17-65,12-29,5-36,9-21,8-44,4-6,2-8,3-7,3-15,2-14,3-15,11-44,6-21,2-7,4-44,0-2,2-12,4-13,3-14,2-8,5-10,1-6
30,Philadelphia 76ers,10-72,7-34,3-38,3-49,7-23,2-14,0-18,1-17,2-8,4-6,1-9,8-45,2-27,0-6,5-41,0-2,0-16,3-13,4-10,1-11,1-14,1-6
Rk,Team,Overall,Home,Road,E,W,A,C,SE,NW,P,SW,Pre,Post,MOV_under_3,MOV_over_10,Oct,Nov,Dec,Jan,Feb,Mar,Apr
1,Golden State Warriors,67-15,36-5,31-10,25-5,42-10,9-1,8-2,8-2,15-3,14-2,13-5,47-9,20-6,3-4,48-6,2-1,14-1,13-3,12-2,9-3,12-4,5-1
2,San Antonio Spurs,61-21,31-10,30-11,25-5,36-16,9-1,8-2,8-2,13-5,12-6,11-5,43-13,18-8,8-5,30-8,4-0,11-4,12-2,10-5,8-2,13-4,3-4
3,Houston Rockets,55-27,30-11,25-16,19-11,36-16,8-2,5-5,6-4,13-5,13-5,10-6,40-18,15-9,8-3,30-11,2-1,9-6,15-2,10-7,6-3,9-6,4-2
4,Boston Celtics,53-29,30-11,23-18,36-16,17-13,11-5,11-7,14-4,5-5,6-4,6-4,37-20,16-9,7-6,17-11,2-1,8-7,10-6,10-4,8-4,11-5,4-2
5,Cleveland Cavaliers,51-31,31-10,20-21,35-17,16-14,16-2,8-8,11-7,6-4,6-4,4-6,39-16,12-15,3-4,25-15,3-0,10-3,12-4,7-8,9-2,7-10,3-4
6,Los Angeles Clippers,51-31,29-12,22-19,20-10,31-21,6-4,5-5,9-1,10-8,10-6,11-7,35-21,16-10,3-6,33-14,3-0,11-5,8-9,8-4,6-5,10-8,5-0
7,Toronto Raptors,51-31,28-13,23-18,34-18,17-13,14-2,10-8,10-8,8-2,3-7,6-4,33-24,18-7,8-7,26-8,2-1,10-5,10-4,8-9,6-5,10-6,5-1
8,Utah Jazz,51-31,29-12,22-19,20-10,31-21,6-4,6-4,8-2,8-8,12-6,11-7,35-22,16-9,4-4,23-10,1-2,10-6,10-5,9-6,7-4,10-6,4-2
9,Washington Wizards,49-33,30-11,19-22,32-20,17-13,12-6,12-6,8-8,6-4,8-2,3-7,34-21,15-12,9-6,18-12,0-2,6-9,10-5,12-4,7-3,11-7,3-3
10,Oklahoma City Thunder,47-35,28-13,19-22,18-12,29-23,9-1,4-6,5-5,10-6,8-10,11-7,32-25,15-10,12-7,23-21,3-0,9-8,9-5,7-8,7-4,8-7,4-3
11,Atlanta Hawks,43-39,23-18,20-21,30-22,13-17,13-5,11-7,6-10,4-6,2-8,7-3,32-24,11-15,7-8,17-21,3-0,7-9,7-7,11-4,5-6,6-10,4-3
12,Memphis Grizzlies,43-39,24-17,19-22,15-15,28-24,5-5,5-5,5-5,11-7,9-9,8-8,34-24,9-15,7-5,17-20,2-1,9-7,11-6,7-7,7-4,6-9,1-5
13,Indiana Pacers,42-40,29-12,13-28,26-26,16-14,8-10,8-8,10-8,5-5,6-4,5-5,29-28,13-12,4-2,23-19,1-2,8-8,7-8,9-4,6-7,6-10,5-1
14,Milwaukee Bucks,42-40,23-18,19-22,27-25,15-15,10-8,10-6,7-11,4-6,7-3,4-6,25-30,17-10,8-2,21-22,1-2,7-6,8-8,5-10,5-6,14-4,2-4
15,Chicago Bulls,41-41,25-16,16-25,28-24,13-17,10-8,9-7,9-9,4-6,5-5,4-6,28-29,13-12,5-6,17-23,3-0,7-7,6-11,8-7,6-5,6-9,5-2
16,Portland Trail Blazers,41-41,25-16,16-25,13-17,28-24,5-5,3-7,5-5,11-5,9-9,8-10,23-33,18-8,7-11,18-16,2-1,8-9,4-11,8-7,2-7,13-3,4-3
17,Miami Heat,41-41,23-18,18-23,27-25,14-16,7-11,11-7,9-7,4-6,5-5,5-5,25-32,16-9,8-6,19-13,1-2,5-10,4-12,9-6,8-3,10-6,4-2
18,Denver Nuggets,40-42,22-19,18-23,16-14,24-28,6-4,7-3,3-7,6-10,12-6,6-12,25-31,15-11,5-10,24-19,1-2,6-9,7-8,7-7,6-7,8-7,5-2
19,Detroit Pistons,37-45,24-17,13-28,21-31,16-14,7-11,5-11,9-9,7-3,4-6,5-5,27-30,10-15,5-7,23-26,2-1,8-9,5-10,6-7,8-4,6-11,2-3
20,Charlotte Hornets,36-46,22-19,14-27,22-30,14-16,7-11,5-13,10-6,7-3,4-6,3-7,24-32,12-14,0-9,19-18,2-1,8-7,9-7,4-11,3-8,9-7,1-5
21,New Orleans Pelicans,34-48,21-20,13-28,14-16,20-32,5-5,4-6,5-5,7-11,7-11,6-10,23-34,11-14,7-6,17-22,0-3,7-9,7-9,5-9,4-7,10-6,1-5
22,Dallas Mavericks,33-49,21-20,12-29,14-16,19-33,4-6,6-4,4-6,6-12,8-10,5-11,22-34,11-15,4-6,14-26,0-3,3-11,7-10,8-6,6-5,7-9,2-5
23,Sacramento Kings,32-50,17-24,15-26,11-19,21-31,5-5,3-7,3-7,8-10,7-9,6-12,24-33,8-17,10-6,9-27,2-2,5-9,7-8,5-11,6-5,4-12,3-3
24,Minnesota Timberwolves,31-51,20-21,11-30,13-17,18-34,3-7,4-6,6-4,5-11,9-9,4-14,22-35,9-16,7-10,18-19,0-2,5-11,6-9,8-7,5-7,6-8,1-7
25,New York Knicks,31-51,19-22,12-29,22-30,9-21,5-11,9-9,8-10,3-7,3-7,3-7,23-34,8-17,7-10,10-25,1-1,8-8,7-8,5-12,3-7,5-11,2-4
26,Orlando Magic,29-53,16-25,13-28,20-32,9-21,8-10,5-13,7-9,2-8,3-7,4-6,21-37,8-16,5-5,10-32,0-3,7-8,8-8,4-12,3-7,5-11,2-4
27,Philadelphia 76ers,28-54,17-24,11-30,19-33,9-21,7-9,5-13,7-11,3-7,4-6,2-8,21-35,7-19,9-8,7-29,0-2,4-12,4-10,10-5,4-8,6-11,0-6
28,Los Angeles Lakers,26-56,17-24,9-32,10-20,16-36,3-7,3-7,4-6,4-14,6-10,6-12,19-39,7-17,2-4,14-31,1-2,9-8,2-14,5-10,2-8,2-12,5-2
29,Phoenix Suns,24-58,15-26,9-32,13-17,11-41,6-4,3-7,4-6,3-15,3-13,5-13,18-39,6-19,9-5,7-32,0-4,6-9,4-11,5-9,3-9,4-12,2-4
30,Brooklyn Nets,20-62,13-28,7-34,11-41,9-21,3-13,4-14,4-14,2-8,5-5,2-8,9-47,11-15,3-6,9-30,1-3,4-9,3-12,1-15,0-10,7-10,4-3
Rk,Team,Overall,Home,Road,E,W,A,C,SE,NW,P,SW,Pre,Post,MOV_under_3,MOV_over_10,Oct,Nov,Dec,Jan,Feb,Mar,Apr
1,Houston Rockets,65-17,34-7,31-10,24-6,41-11,6-4,9-1,9-1,16-2,13-5,12-4,44-13,21-4,5-3,38-8,5-3,12-1,9-5,10-4,12-0,14-1,3-3
2,Toronto Raptors,59-23,34-7,25-16,40-12,19-11,12-4,14-4,14-4,5-5,6-4,8-2,41-16,18-7,5-7,33-5,4-2,9-5,11-3,10-5,9-2,12-4,4-2
3,Golden State Warriors,58-24,29-12,29-12,24-6,34-18,9-1,6-4,9-1,8-10,13-3,13-5,44-14,14-10,5-1,38-13,5-3,11-3,13-2,11-3,8-3,7-7,3-3
4,Boston Celtics,55-27,27-14,28-13,33-19,22-8,12-4,10-8,11-7,9-1,7-3,6-4,40-19,15-8,11-8,25-9,5-2,14-2,11-6,7-5,7-4,9-4,2-4
5,Philadelphia 76ers,52-30,30-11,22-19,34-18,18-12,9-7,11-7,14-4,7-3,4-6,7-3,30-25,22-5,4-7,31-11,3-4,9-5,5-10,7-5,8-3,13-3,7-0
6,Cleveland Cavaliers,50-32,29-12,21-20,35-17,15-15,11-7,11-5,13-5,5-5,5-5,5-5,34-22,16-10,8-5,17-20,3-4,12-3,9-5,6-8,6-4,10-6,4-2
7,Portland Trail Blazers,49-33,28-13,21-20,18-12,31-21,4-6,6-4,8-2,9-7,15-3,7-11,32-26,17-7,8-8,20-12,4-3,9-6,5-8,11-5,6-4,12-3,2-4
8,Indiana Pacers,48-34,27-14,21-20,32-20,16-14,11-7,10-6,11-7,3-7,9-1,4-6,33-25,15-9,11-2,20-16,4-3,8-7,7-8,10-5,5-4,11-4,3-3
9,New Orleans Pelicans,48-34,24-17,24-17,21-9,27-25,6-4,9-1,6-4,6-12,12-6,9-7,31-26,17-8,7-3,19-16,3-4,8-6,7-8,9-5,8-3,8-7,5-1
10,Oklahoma City Thunder,48-34,27-14,21-20,20-10,28-24,6-4,7-3,7-3,5-11,12-6,11-7,33-26,15-8,8-10,24-11,4-3,4-9,12-5,10-4,6-6,8-6,4-1
11,Utah Jazz,48-34,28-13,20-21,14-16,34-18,3-7,6-4,5-5,7-9,15-3,12-6,30-28,18-6,4-5,31-19,4-3,7-8,5-10,6-7,9-2,12-3,5-1
12,Minnesota Timberwolves,47-35,30-11,17-24,13-17,34-18,4-6,4-6,5-5,10-6,14-4,10-8,36-25,11-10,7-7,25-12,4-3,9-6,10-5,9-8,6-4,6-7,3-2
13,San Antonio Spurs,47-35,33-8,14-27,18-12,29-23,6-4,5-5,7-3,9-9,11-7,9-7,35-24,12-11,8-10,25-17,4-3,10-4,11-5,9-7,2-7,8-6,3-3
14,Denver Nuggets,46-36,31-10,15-26,18-12,28-24,4-6,8-2,6-4,9-7,10-8,9-9,32-26,14-10,10-5,21-15,3-4,9-5,7-8,7-8,7-3,8-7,5-1
15,Miami Heat,44-38,26-15,18-23,31-21,13-17,9-9,11-7,11-5,4-6,5-5,4-6,30-28,14-10,9-9,16-13,2-4,8-7,9-6,10-5,3-7,9-7,3-2
16,Milwaukee Bucks,44-38,25-16,19-22,27-25,17-13,11-7,6-10,10-8,5-5,7-3,5-5,32-25,12-13,7-4,14-16,4-3,7-6,8-6,8-7,6-6,8-7,3-3
17,Washington Wizards,43-39,23-18,20-21,28-24,15-15,10-8,10-8,8-8,4-6,5-5,6-4,33-24,10-15,5-7,22-12,4-2,7-8,10-6,7-6,8-4,6-8,1-5
18,Los Angeles Clippers,42-40,22-19,20-21,18-12,24-28,6-4,6-4,6-4,4-14,12-4,8-10,30-26,12-14,8-2,22-19,4-2,4-10,8-7,9-6,7-3,9-7,1-5
19,Detroit Pistons,39-43,25-16,14-27,24-28,15-15,7-11,9-7,8-10,4-6,7-3,4-6,28-29,11-14,4-7,19-23,5-3,9-3,6-9,3-11,6-6,7-8,3-3
20,Charlotte Hornets,36-46,21-20,15-26,22-30,14-16,4-14,7-11,11-5,4-6,7-3,3-7,24-33,12-13,1-5,23-23,4-3,4-9,5-11,8-6,7-5,6-9,2-3
21,Los Angeles Lakers,35-47,20-21,15-26,16-14,19-33,5-5,5-5,6-4,4-14,6-10,9-9,23-34,12-13,6-7,18-21,3-4,5-9,3-11,8-7,7-3,7-8,2-5
22,New York Knicks,29-53,19-22,10-31,17-35,12-18,6-10,4-14,7-11,4-6,5-5,3-7,23-36,6-17,2-7,15-30,3-3,8-7,7-8,5-11,1-9,3-12,2-3
23,Brooklyn Nets,28-54,15-26,13-28,19-33,9-21,1-15,6-12,12-6,4-6,1-9,4-6,19-40,9-14,5-7,9-27,3-5,5-8,5-10,6-10,1-9,5-9,3-3
24,Chicago Bulls,27-55,17-24,10-31,21-31,6-24,5-13,4-12,12-6,2-8,0-10,4-6,20-37,7-18,9-5,6-30,1-4,2-13,10-6,5-10,2-8,5-10,2-4
25,Sacramento Kings,27-55,14-27,13-28,13-17,14-38,5-5,3-7,5-5,3-15,5-11,6-12,18-39,9-16,6-5,5-32,1-6,5-9,6-9,4-10,2-9,6-10,3-2
26,Orlando Magic,25-57,17-24,8-33,15-37,10-20,5-13,5-13,5-11,2-8,3-7,5-5,18-39,7-18,3-5,10-27,5-2,4-11,3-12,3-10,3-8,4-10,3-4
27,Atlanta Hawks,24-58,16-25,8-33,12-40,12-18,4-14,3-15,5-11,5-5,2-8,5-5,18-41,6-17,6-8,8-35,1-6,3-11,6-9,5-10,4-7,2-12,3-3
28,Dallas Mavericks,24-58,15-26,9-32,10-20,14-38,2-8,4-6,4-6,5-13,4-14,5-11,18-40,6-18,2-9,11-20,1-7,4-10,8-8,3-11,3-7,4-10,1-5
29,Memphis Grizzlies,22-60,16-25,6-35,4-26,18-34,2-8,1-9,1-9,5-13,8-10,5-11,18-38,4-22,5-12,8-26,5-2,2-11,5-12,6-7,0-10,3-13,1-5
30,Phoenix Suns,21-61,10-31,11-30,6-24,15-37,2-8,2-8,2-8,5-13,4-12,6-12,18-41,3-20,6-5,5-40,3-4,5-11,6-9,4-10,1-10,0-14,2-3
Rk,Team,Overall,Home,Road,E,W,A,C,SE,NW,P,SW,Pre,Post,MOV_under_3,MOV_over_10,Oct,Nov,Dec,Jan,Feb,Mar,Apr
1,Milwaukee Bucks,60-22,33-8,27-14,40-12,20-10,13-5,14-2,13-5,6-4,6-4,8-2,43-14,17-8,5-6,45-5,7-0,8-6,10-4,12-3,10-1,10-6,3-2
2,Toronto Raptors,58-24,32-9,26-15,36-16,22-8,12-4,10-8,14-4,6-4,10-0,6-4,43-16,15-8,11-7,33-9,7-1,12-3,8-7,10-5,8-1,9-6,4-1
3,Golden State Warriors,57-25,30-11,27-14,22-8,35-17,6-4,8-2,8-2,12-6,13-3,10-8,41-16,16-9,7-7,34-10,8-1,7-7,10-5,11-2,7-4,9-5,5-1
4,Denver Nuggets,54-28,34-7,20-21,20-10,34-18,7-3,6-4,7-3,12-4,12-6,10-8,39-18,15-10,13-3,23-11,6-1,9-6,8-4,12-4,7-4,9-6,3-3
5,Houston Rockets,53-29,31-10,22-19,21-9,32-20,8-2,6-4,7-3,8-10,14-4,10-6,33-24,20-5,5-7,29-12,1-5,9-6,11-4,8-6,8-4,12-3,4-1
6,Portland Trail Blazers,53-29,32-9,21-20,24-6,29-23,9-1,8-2,7-3,6-10,12-6,11-7,34-23,19-6,4-6,29-8,5-2,8-7,8-7,11-4,6-3,10-5,5-1
7,Philadelphia 76ers,51-31,31-10,20-21,31-21,20-10,8-8,12-6,11-7,6-4,8-2,6-4,37-21,14-10,10-8,22-16,4-4,12-4,7-6,11-4,6-4,9-5,2-4
8,Utah Jazz,50-32,29-12,21-20,20-10,30-22,6-4,7-3,7-3,8-8,12-6,10-8,32-25,18-7,0-7,34-12,4-3,7-9,7-7,11-4,6-3,11-4,4-2
9,Boston Celtics,49-33,28-13,21-20,35-17,14-16,10-6,13-5,12-6,4-6,5-5,5-5,37-21,12-12,5-6,24-12,5-2,7-8,9-5,11-4,5-6,8-7,4-1
10,Oklahoma City Thunder,49-33,27-14,22-19,21-9,28-24,6-4,8-2,7-3,9-7,10-8,9-9,37-20,12-13,6-7,23-12,2-4,12-3,9-6,9-5,6-5,6-10,5-0
11,Indiana Pacers,48-34,29-12,19-22,33-19,15-15,9-9,11-5,13-5,5-5,5-5,5-5,38-20,10-14,6-6,23-16,5-3,8-6,12-3,7-7,9-3,4-10,3-2
12,Los Angeles Clippers,48-34,26-15,22-19,20-10,28-24,6-4,7-3,7-3,7-11,11-5,10-8,32-27,16-7,6-2,23-18,4-3,11-3,6-9,7-9,6-5,13-2,1-3
13,San Antonio Spurs,48-34,32-9,16-25,18-12,30-22,6-4,7-3,5-5,10-8,10-8,10-6,33-26,15-8,7-4,25-16,5-2,5-10,11-5,10-5,3-7,10-4,4-1
14,Brooklyn Nets,42-40,23-18,19-22,29-23,13-17,8-8,10-8,11-7,2-8,6-4,5-5,30-29,12-11,12-8,16-22,3-5,5-10,9-6,11-4,4-6,7-7,3-2
15,Orlando Magic,42-40,25-16,17-24,30-22,12-18,11-7,9-9,10-6,2-8,4-6,6-4,27-32,15-8,5-6,21-21,2-5,9-7,5-8,5-11,8-3,9-5,4-1
16,Detroit Pistons,41-41,26-15,15-26,27-25,14-16,10-8,8-8,9-9,4-6,5-5,5-5,26-30,15-11,6-9,16-21,4-3,8-4,4-11,6-10,7-3,10-6,2-4
17,Charlotte Hornets,39-43,25-16,14-27,29-23,10-20,8-10,11-7,10-6,2-8,3-7,5-5,27-30,12-13,6-10,21-20,4-4,7-7,7-7,6-8,4-7,7-8,4-2
18,Miami Heat,39-43,19-22,20-21,23-29,16-14,7-11,9-9,7-9,4-6,3-7,9-1,26-30,13-13,6-9,16-20,3-4,5-9,9-5,7-7,3-9,11-4,1-5
19,Sacramento Kings,39-43,24-17,15-26,18-12,21-31,3-7,7-3,8-2,7-11,4-12,10-8,30-27,9-16,6-7,16-18,5-3,5-8,9-6,7-8,5-5,7-9,1-4
20,Los Angeles Lakers,37-45,22-19,15-26,12-18,25-27,1-9,5-5,6-4,7-11,9-7,9-9,28-29,9-16,5-4,16-25,3-5,10-4,8-7,6-9,3-6,5-11,2-3
21,Minnesota Timberwolves,36-46,25-16,11-30,14-16,22-30,4-6,5-5,5-5,5-11,9-9,8-10,27-30,9-16,8-5,19-22,4-4,7-7,6-9,8-6,4-7,5-9,2-4
22,Dallas Mavericks,33-49,24-17,9-32,15-15,18-34,4-6,6-4,5-5,8-10,6-12,4-12,26-31,7-18,7-7,12-22,2-6,8-4,7-9,6-9,4-6,3-12,3-3
23,Memphis Grizzlies,33-49,21-20,12-29,9-21,24-28,3-7,3-7,3-7,9-9,7-11,8-8,23-36,10-13,6-9,14-19,4-2,9-6,5-10,2-14,4-7,7-7,2-3
24,New Orleans Pelicans,33-49,19-22,14-27,10-20,23-29,3-7,5-5,2-8,7-11,8-10,8-8,26-33,7-16,4-6,15-20,4-3,7-9,6-9,6-8,4-7,5-10,1-3
25,Washington Wizards,32-50,22-19,10-31,19-33,13-17,6-12,6-12,7-9,4-6,5-5,4-6,24-34,8-16,5-6,14-23,1-6,7-8,6-9,8-6,3-7,7-10,0-4
26,Atlanta Hawks,29-53,17-24,12-29,16-36,13-17,4-14,6-12,6-10,5-5,4-6,4-6,19-39,10-14,9-6,7-31,2-5,3-13,6-7,5-9,5-7,7-8,1-4
27,Chicago Bulls,22-60,9-32,13-28,16-36,6-24,4-14,3-13,9-9,1-9,2-8,3-7,14-44,8-16,8-8,9-31,2-6,3-12,5-9,2-13,5-5,4-11,1-4
28,Cleveland Cavaliers,19-63,13-28,6-35,15-37,4-26,6-12,4-12,5-13,0-10,2-8,2-8,12-46,7-17,5-4,6-43,1-6,3-11,4-12,3-12,4-6,4-11,0-5
29,Phoenix Suns,19-63,12-29,7-34,8-22,11-41,3-7,3-7,2-8,2-16,3-13,6-12,11-48,8-15,5-5,5-40,1-6,3-12,5-11,2-13,1-8,5-10,2-3
30,New York Knicks,17-65,9-32,8-33,11-41,6-24,2-14,3-15,6-12,0-10,2-8,4-6,11-47,6-18,4-7,6-41,2-6,5-10,2-12,1-12,3-9,1-13,3-3
Rk,Team,Overall,Home,Road,E,W,A,C,SE,NW,P,SW,Pre,Post,MOV_under_3,MOV_over_10,Oct,Nov,Dec,Jan,Feb,Mar,Jul,Aug
1,Milwaukee Bucks,56-17,30-5,26-12,37-7,19-10,10-4,13-1,14-2,7-3,7-2,5-5,46-8,10-9,3-2,38-8,2-2,15-1,13-2,11-2,10-1,2-4,1-0,2-5
2,Toronto Raptors,53-19,26-10,27-9,34-11,19-8,9-5,13-3,12-3,7-3,7-2,5-3,40-15,13-4,6-4,23-10,4-1,10-3,9-7,12-3,7-3,4-1,,7-1
3,Los Angeles Lakers,52-19,25-10,27-9,16-9,36-10,5-5,4-3,7-1,12-3,10-3,14-4,41-12,11-7,7-3,25-11,3-1,14-1,9-5,10-4,9-2,4-1,1-0,2-5
4,Los Angeles Clippers,49-23,27-9,22-14,17-7,32-16,5-3,4-3,8-1,11-5,8-6,13-5,37-18,12-5,8-3,32-8,4-2,10-4,10-5,9-4,7-4,4-1,0-1,5-2
5,Boston Celtics,48-24,26-10,22-14,30-13,18-11,9-6,9-4,12-3,6-3,6-4,6-4,38-16,10-8,6-5,29-7,3-1,10-4,10-3,9-7,9-3,2-3,0-1,5-2
6,Denver Nuggets,46-27,26-11,20-16,17-11,29-16,6-4,4-4,7-3,12-2,9-7,8-7,38-17,8-10,9-5,16-13,3-2,10-2,10-6,11-5,6-4,3-3,,3-5
7,Indiana Pacers,45-28,25-11,20-17,28-19,17-9,9-7,8-7,11-5,7-3,5-2,5-4,32-23,13-5,5-7,20-12,1-3,11-4,10-5,9-5,5-7,3-2,,6-2
8,Houston Rockets,44-28,24-12,20-16,16-9,28-19,6-3,4-3,6-3,10-8,10-6,8-5,34-20,10-8,4-5,22-14,3-1,10-5,10-5,7-7,9-2,1-4,1-0,3-4
9,Miami Heat,44-29,29-7,15-22,30-13,14-16,9-6,11-3,10-4,4-6,4-6,6-4,35-19,9-10,6-4,23-11,4-1,9-4,11-4,8-6,6-7,3-2,,3-5
10,Oklahoma City Thunder,44-28,23-14,21-14,17-9,27-19,5-3,6-4,6-2,8-5,9-8,10-6,33-22,11-6,8-6,18-10,1-4,6-7,11-4,12-5,7-3,3-1,,4-4
11,Utah Jazz,44-28,23-12,21-16,20-7,24-21,6-4,6-2,8-1,5-7,9-6,10-8,36-18,8-10,7-5,18-11,4-1,8-6,9-5,11-4,5-6,4-1,1-0,2-5
12,Dallas Mavericks,43-32,20-18,23-14,16-12,27-20,4-5,7-2,5-5,9-6,8-10,10-4,33-22,10-10,2-11,23-9,3-1,9-5,9-6,8-7,7-5,4-3,0-1,3-4
13,Philadelphia 76ers,43-30,31-4,12-26,28-18,15-12,11-5,10-6,7-7,5-4,5-5,5-3,34-21,9-9,6-5,19-15,4-0,10-6,9-7,8-5,6-5,2-3,,4-4
14,Brooklyn Nets,35-37,20-16,15-21,23-23,12-14,6-10,8-4,9-9,2-7,6-2,4-5,25-28,10-9,7-7,17-19,1-3,9-6,6-7,5-10,5-7,4-1,0-1,5-2
15,Portland Trail Blazers,35-39,21-15,14-24,15-12,20-27,4-6,4-4,7-2,5-8,7-10,8-9,25-31,10-8,9-3,17-18,3-2,5-10,6-8,8-7,4-8,3-2,1-0,5-2
16,Memphis Grizzlies,34-39,20-17,14-22,14-13,20-26,3-4,4-6,7-3,8-7,8-10,4-9,28-26,6-13,3-4,18-21,1-3,4-10,8-8,11-4,5-6,3-2,0-1,2-5
17,Phoenix Suns,34-39,17-22,17-17,15-12,19-27,6-4,3-4,6-4,6-9,6-9,7-9,22-33,12-6,4-8,15-18,3-2,5-8,5-10,7-8,4-9,2-2,1-0,7-0
18,Orlando Magic,33-40,18-17,15-23,20-23,13-17,6-10,5-8,9-5,2-8,5-5,6-4,24-31,9-9,5-5,18-20,2-2,5-9,7-8,7-8,6-6,3-2,1-0,2-5
19,San Antonio Spurs,32-39,19-15,13-24,12-16,20-23,5-5,2-6,5-5,6-9,7-8,7-6,23-31,9-8,10-7,10-12,3-1,4-12,7-5,7-8,4-7,2-3,1-0,4-3
20,Sacramento Kings,31-41,16-19,15-22,8-18,23-23,2-8,2-5,4-5,7-9,8-5,8-9,21-33,10-8,6-8,12-18,0-5,8-5,4-12,6-8,7-4,3-2,0-1,3-4
21,New Orleans Pelicans,30-42,15-21,15-21,12-12,18-30,2-6,7-3,3-3,9-9,5-12,4-9,23-32,7-10,2-6,18-15,1-4,5-9,5-10,9-6,6-4,2-3,0-1,2-5
22,Washington Wizards,25-47,16-20,9-27,18-27,7-20,8-7,5-11,5-9,3-7,2-7,2-6,20-33,5-14,1-4,12-25,1-3,5-8,4-11,6-9,5-6,3-3,0-1,1-6
23,Charlotte Hornets,23-42,10-21,13-21,16-24,7-18,5-9,9-8,2-7,1-7,4-4,2-7,18-36,5-6,9-8,5-25,2-3,6-10,5-10,3-9,5-6,2-4,,
24,Chicago Bulls,22-43,14-20,8-23,15-28,7-15,1-12,7-9,7-7,1-6,2-5,4-4,19-36,3-7,6-6,7-19,1-4,5-10,7-7,6-11,1-8,2-3,,
25,New York Knicks,21-45,11-22,10-23,15-28,6-17,2-11,8-8,5-9,1-6,2-6,3-5,17-38,4-7,7-6,8-21,1-4,3-11,5-9,4-12,5-6,3-3,,
26,Atlanta Hawks,20-47,14-20,6-27,11-32,9-15,3-13,2-12,6-7,3-5,3-5,3-5,15-41,5-6,1-5,8-29,2-3,2-13,3-11,6-9,6-7,1-4,,
27,Detroit Pistons,20-46,11-22,9-24,12-31,8-15,3-11,5-10,4-10,1-7,4-3,3-5,19-38,1-8,4-6,9-26,2-3,4-10,6-9,5-11,3-8,0-5,,
28,Cleveland Cavaliers,19-46,11-25,8-21,12-32,7-14,2-14,4-10,6-8,4-4,0-4,3-6,14-40,5-6,5-5,6-28,2-2,3-12,5-9,3-13,4-7,2-3,,
29,Minnesota Timberwolves,19-45,8-24,11-21,10-15,9-30,2-4,3-6,5-5,2-10,4-8,3-12,16-37,3-8,3-4,10-21,3-1,7-7,2-12,3-12,2-9,2-4,,
30,Golden State Warriors,15-50,8-26,7-24,6-16,9-34,1-6,3-3,2-7,3-12,2-11,4-11,12-43,3-7,1-3,8-30,1-3,3-13,5-10,1-13,3-8,2-3,,Rk,Team,Overall,Home,Road,E,W,A,C,SE,NW,P,SW,Pre,Post,MOV_under_3,MOV_over_10,Dec,Jan,Feb,Mar,Apr,May
1,Utah Jazz,52-20,31-5,21-15,24-6,28-14,7-3,10-0,7-3,7-5,8-7,13-2,27-9,25-11,3-2,39-7,2-2,13-3,12-2,9-4,9-7,7-2
2,Phoenix Suns,51-21,27-9,24-12,21-9,30-12,7-3,8-2,6-4,11-4,7-5,12-3,24-11,27-10,9-3,23-8,4-1,6-7,12-3,11-3,12-4,6-3
3,Philadelphia 76ers,49-23,29-7,20-16,31-11,18-12,10-2,8-7,13-2,5-5,6-4,7-3,24-12,25-11,7-3,27-12,4-1,11-5,7-6,10-3,10-6,7-2
4,Brooklyn Nets,48-24,28-8,20-16,26-16,22-8,8-4,9-6,9-6,7-3,9-1,6-4,24-13,24-11,3-5,24-11,3-2,10-7,9-4,11-2,10-6,5-3
5,Denver Nuggets,47-25,25-11,22-14,21-9,26-16,5-5,9-1,7-3,9-3,6-9,11-4,21-15,26-10,6-4,29-11,1-3,11-5,6-7,11-3,13-3,5-4
6,Los Angeles Clippers,47-25,26-10,21-15,20-10,27-15,4-6,9-1,7-3,10-5,9-3,8-7,24-14,23-11,3-4,31-7,4-1,12-4,8-7,8-5,11-4,4-4
7,Milwaukee Bucks,46-26,26-10,20-16,30-12,16-14,8-7,11-1,11-4,6-4,5-5,5-5,22-14,24-12,6-5,29-12,2-3,9-5,10-5,9-4,9-7,7-2
8,Dallas Mavericks,42-30,21-15,21-15,21-9,21-21,6-4,6-4,9-1,8-7,6-9,7-5,18-16,24-14,5-4,26-17,1-3,7-9,8-4,9-5,10-6,7-3
9,Los Angeles Lakers,42-30,21-15,21-15,17-13,25-17,4-6,8-2,5-5,10-5,4-8,11-4,24-13,18-17,7-5,22-13,3-2,12-4,9-5,6-7,6-9,6-3
10,Portland Trail Blazers,42-30,20-16,22-14,19-11,23-19,7-3,6-4,6-4,6-6,7-8,10-5,21-14,21-16,10-9,19-12,2-2,8-6,8-6,11-4,6-10,7-2
11,Atlanta Hawks,41-31,25-11,16-20,24-18,17-13,7-8,8-7,9-3,5-5,6-4,6-4,16-20,25-11,3-3,25-15,3-1,7-8,4-11,9-4,11-6,7-1
12,New York Knicks,41-31,25-11,16-20,25-17,16-14,4-8,11-4,10-5,4-6,4-6,8-2,19-18,22-13,2-9,24-15,2-3,7-9,9-5,6-7,11-4,6-3
13,Miami Heat,40-32,21-15,19-17,24-18,16-14,9-6,9-6,6-6,5-5,5-5,6-4,18-18,22-14,4-5,17-17,2-2,5-10,10-5,7-7,9-6,7-2
14,Golden State Warriors,39-33,25-11,14-22,14-16,25-17,3-7,8-2,3-7,10-5,5-7,10-5,19-18,20-15,6-4,25-18,2-2,9-7,8-7,4-8,8-8,8-1
15,Memphis Grizzlies,38-34,18-18,20-16,19-11,19-23,6-4,5-5,8-2,7-8,6-9,6-6,16-16,22-18,3-7,23-21,1-3,7-3,7-9,7-8,10-7,6-4
16,Boston Celtics,36-36,21-15,15-21,20-22,16-14,4-8,7-8,9-6,6-4,6-4,4-6,19-17,17-19,7-5,17-12,3-2,7-6,7-9,6-8,11-5,2-6
17,Washington Wizards,34-38,19-17,15-21,16-26,18-12,4-11,9-6,3-9,9-1,7-3,2-8,14-20,20-18,11-8,14-20,0-5,4-7,9-7,4-10,12-5,5-4
18,Indiana Pacers,34-38,13-23,21-15,20-22,14-16,5-10,7-5,8-7,5-5,2-8,7-3,16-19,18-19,5-4,15-17,4-1,7-8,4-8,6-8,8-8,5-5
19,Charlotte Hornets,33-39,18-18,15-21,20-22,13-17,4-11,8-7,8-4,4-6,4-6,5-5,17-18,16-21,9-4,14-24,2-2,7-9,7-6,8-5,6-10,3-7
20,San Antonio Spurs,33-39,14-22,19-17,16-14,17-25,3-7,7-3,6-4,5-10,6-9,6-6,18-14,15-25,7-8,18-20,2-2,9-7,6-3,7-9,7-10,2-8
21,Chicago Bulls,31-41,15-21,16-20,21-21,10-20,7-8,7-5,7-8,3-7,1-9,6-4,16-18,15-23,3-5,16-20,2-3,5-8,8-6,4-10,7-10,5-4
22,New Orleans Pelicans,31-41,18-18,13-23,13-17,18-24,5-5,5-5,3-7,5-10,7-8,6-6,15-21,16-20,3-10,13-21,3-2,4-9,7-8,7-6,7-10,3-6
23,Sacramento Kings,31-41,16-20,15-21,13-17,18-24,4-6,6-4,3-7,7-8,5-7,6-9,14-22,17-19,10-5,12-22,3-2,5-9,5-10,9-5,4-11,5-4
24,Toronto Raptors,27-45,16-20,11-25,17-25,10-20,4-8,5-10,8-7,3-7,3-7,4-6,17-19,10-26,3-6,17-19,1-3,7-9,9-5,1-13,8-7,1-8
25,Minnesota Timberwolves,23-49,13-23,10-26,8-22,15-27,2-8,4-6,2-8,5-7,4-11,6-9,7-29,16-20,4-6,9-25,2-2,3-12,2-14,5-8,8-8,3-5
26,Cleveland Cavaliers,22-50,13-23,9-27,16-26,6-24,8-7,4-8,4-11,2-8,0-10,4-6,14-22,8-28,4-2,11-37,3-2,6-9,4-10,4-9,4-12,1-8
27,Oklahoma City Thunder,22-50,10-26,12-24,10-20,12-30,4-6,3-7,3-7,3-9,2-13,7-8,15-21,7-29,7-5,5-36,1-3,7-7,6-10,6-7,1-15,1-8
28,Orlando Magic,21-51,11-25,10-26,13-29,8-22,2-13,7-8,4-8,2-8,4-6,2-8,13-23,8-28,3-5,6-35,4-1,4-12,5-8,3-10,3-13,2-7
29,Detroit Pistons,20-52,13-23,7-29,12-30,8-22,7-8,1-11,4-11,2-8,3-7,3-7,10-26,10-26,1-8,14-31,0-4,5-11,4-10,4-9,6-10,1-8
30,Houston Rockets,17-55,9-27,8-28,6-24,11-31,1-9,2-8,3-7,3-12,3-12,5-7,11-23,6-32,3-4,8-37,1-2,8-7,2-12,2-13,3-13,1-8
Rk,Team,Overall,Home,Road,E,W,A,C,SE,NW,P,SW,Pre,Post,MOV_under_3,MOV_over_10,Oct,Nov,Dec,Jan,Feb,Mar,Apr
1,Phoenix Suns,64-18,32-9,32-9,25-5,39-13,8-2,9-1,8-2,14-4,10-6,15-3,48-10,16-8,6-2,37-9,2-3,16-0,9-5,13-1,9-3,13-2,2-4
2,Memphis Grizzlies,56-26,30-11,26-15,20-10,36-16,6-4,9-1,5-5,10-8,15-3,11-5,41-19,15-7,5-3,33-17,3-3,8-7,12-4,12-4,8-2,11-3,2-3
3,Golden State Warriors,53-29,31-10,22-19,20-10,33-19,6-4,8-2,6-4,12-6,12-4,9-9,42-17,11-12,6-5,34-10,5-1,13-2,9-4,11-6,5-5,5-11,5-0
4,Miami Heat,53-29,29-12,24-17,35-17,18-12,10-8,12-6,13-3,6-4,4-6,8-2,38-21,15-8,3-6,31-15,5-1,8-7,10-5,9-6,9-2,8-7,4-1
5,Dallas Mavericks,52-30,29-12,23-18,16-14,36-16,6-4,6-4,4-6,12-6,10-8,14-2,35-24,17-6,7-5,27-14,4-2,6-7,7-9,12-4,7-3,12-4,4-1
6,Boston Celtics,51-31,28-13,23-18,33-19,18-12,9-7,12-6,12-6,7-3,5-5,6-4,34-26,17-5,3-9,35-9,2-4,9-6,6-9,10-6,9-2,11-3,4-1
7,Milwaukee Bucks,51-31,27-14,24-17,33-19,18-12,10-8,12-4,11-7,5-5,7-3,6-4,36-24,15-7,4-2,31-15,3-4,10-4,11-5,7-8,6-4,11-3,3-3
8,Philadelphia 76ers,51-31,24-17,27-14,32-20,19-11,6-10,14-4,12-6,5-5,6-4,8-2,35-23,16-8,6-6,28-11,4-2,7-8,8-6,12-3,6-4,9-7,5-1
9,Utah Jazz,49-33,29-12,20-21,16-14,33-19,7-3,4-6,5-5,15-1,9-9,9-9,36-22,13-11,1-6,34-10,5-1,9-6,12-2,4-12,8-1,8-9,3-2
10,Denver Nuggets,48-34,23-18,25-16,19-11,29-23,6-4,5-5,8-2,6-10,13-5,10-8,33-25,15-9,8-3,23-20,4-2,6-8,7-6,11-5,8-4,10-6,2-3
11,Toronto Raptors,48-34,24-17,24-17,30-22,18-12,10-6,8-10,12-6,5-5,7-3,6-4,32-25,16-9,7-6,25-14,4-3,5-10,6-4,10-6,8-4,11-5,4-2
12,Chicago Bulls,46-36,27-14,19-22,29-23,17-13,8-10,10-6,11-7,8-2,5-5,4-6,38-21,8-15,4-4,23-20,5-1,9-7,9-2,8-8,8-5,6-9,1-4
13,Minnesota Timberwolves,46-36,26-15,20-21,14-16,32-20,4-6,7-3,3-7,12-4,8-10,12-6,31-28,15-8,4-4,28-21,3-2,8-8,5-9,9-6,8-4,10-5,3-2
14,Brooklyn Nets,44-38,20-21,24-17,31-21,13-17,10-6,12-6,9-9,4-6,3-7,6-4,31-28,13-10,8-4,20-20,4-3,11-3,8-4,6-10,3-10,8-7,4-1
15,Cleveland Cavaliers,44-38,25-16,19-22,27-25,17-13,8-10,10-6,9-9,8-2,4-6,5-5,35-23,9-15,10-4,22-19,3-4,8-6,9-6,11-4,5-5,6-10,2-3
16,Atlanta Hawks,43-39,27-14,16-25,26-26,17-13,6-12,11-7,9-7,5-5,6-4,6-4,28-30,15-9,7-3,24-18,3-3,8-7,5-9,8-7,5-5,11-6,3-2
17,Charlotte Hornets,43-39,22-19,21-20,27-25,16-14,8-10,11-7,8-8,6-4,3-7,7-3,29-31,14-8,6-8,24-23,5-2,8-8,6-7,9-6,2-10,10-4,3-2
18,Los Angeles Clippers,42-40,25-16,17-24,16-14,26-26,4-6,4-6,8-2,10-8,9-7,7-11,30-31,12-9,10-5,20-21,1-4,10-6,7-8,8-9,6-4,5-9,5-0
19,New York Knicks,37-45,17-24,20-21,22-30,15-15,5-11,8-10,9-9,2-8,6-4,7-3,25-34,12-11,5-6,19-23,5-1,6-9,6-9,7-8,1-9,9-7,3-2
20,New Orleans Pelicans,36-46,19-22,17-24,11-19,25-27,2-8,6-4,3-7,9-9,10-8,6-10,23-36,13-10,4-3,23-30,1-6,5-11,7-5,5-10,7-4,8-7,3-3
21,Washington Wizards,35-47,21-20,14-27,24-28,11-19,8-10,9-9,7-9,5-5,2-8,4-6,27-31,8-16,12-6,11-27,5-1,8-7,5-9,5-9,4-7,6-10,2-4
22,San Antonio Spurs,34-48,16-25,18-23,10-20,24-28,2-8,3-7,5-5,11-7,7-11,6-10,23-36,11-12,6-5,19-24,2-4,4-9,8-7,5-12,5-6,7-7,3-3
23,Los Angeles Lakers,33-49,21-20,12-29,15-15,18-34,4-6,5-5,6-4,8-10,3-13,7-11,27-31,6-18,5-7,13-22,4-3,8-8,6-8,6-8,3-6,4-12,2-4
24,Sacramento Kings,30-52,16-25,14-27,10-20,20-32,1-9,3-7,6-4,6-12,6-10,8-10,22-38,8-14,7-8,11-30,3-3,5-11,7-8,3-12,5-6,5-9,2-3
25,Portland Trail Blazers,27-55,17-24,10-31,16-14,11-41,6-4,5-5,5-5,1-15,5-13,5-13,25-34,2-21,1-5,11-41,3-3,8-8,2-11,8-8,4-6,2-13,0-6
26,Indiana Pacers,25-57,16-25,9-32,11-41,14-16,5-13,2-14,4-14,4-6,4-6,6-4,20-40,5-17,3-14,14-19,1-6,8-8,5-8,5-11,2-9,4-10,0-5
27,Oklahoma City Thunder,24-58,12-29,12-29,7-23,17-35,4-6,2-8,1-9,6-10,5-13,6-12,18-40,6-18,7-6,9-32,1-5,5-9,7-8,2-12,4-8,3-12,2-4
28,Detroit Pistons,23-59,13-28,10-31,18-34,5-25,5-13,6-10,7-11,2-8,1-9,2-8,13-45,10-14,7-6,6-33,1-5,3-12,1-11,7-9,3-9,6-10,2-3
29,Orlando Magic,22-60,12-29,10-31,12-40,10-20,4-14,5-13,3-13,6-4,1-9,3-7,13-47,9-13,2-7,6-39,1-6,3-12,3-11,4-11,4-7,5-10,2-3
30,Houston Rockets,20-62,11-30,9-32,9-21,11-41,1-9,3-7,5-5,6-12,2-16,3-13,15-43,5-19,3-9,9-44,1-5,3-11,6-10,4-10,1-9,5-12,0-5